"['会計freee', '弥生会計 オンライン', 'マネーフォワード クラウド会計', 'やよいの白色申告 オンライン ・ やよいの青色申告 オンライン', '勘定奉行クラウド', 'ネットde記帳', 'Zoho Books', 'Bill One', 'マネーフォワード クラウドERP', 'Oracle NetSuite', 'FX4クラウド', 'クラウド発展会計', 'フリーウェイ経理Pro', 'GrowOne Cube 会計', 'GLOVIA smart 会計SaaS', '大蔵大臣NX', 'クラウドERP freee', 'PCA会計クラウド', '助ネコ\u3000Web領収書', 'マネーフォワード クラウド会計Plus', 'ジョブカン会計', 'LayerX インボイス']"
"['マネーフォワード クラウド請求書', 'Misoca', 'BtoBプラットフォーム 請求書', 'MakeLeaps', 'board', '楽楽明細', 'SpreadOffice', 'pasture', 'ナカオさん', 'invoiceAgent TransPrint', '帳票クラウドサービス SVF Cloud', 'RaQool', 'SMART invoice', 'Zoho Books', 'Bill One', '請求の助', '見積RICH', 'Sales Quote Assistant', 'Tradeshift', '請求管理ロボ', 'Meeepa', 'Zoho Invoice', 'LinkPrint CLOUD', 'ナビエクスプレス', '継続確認Web', 'BP-LINKS', 'INVOICE POST', 'ソアスク', 'LayerX インボイス', 'DD-CONNECT']"
"['楽楽精算', 'マネーフォワード クラウド経費', 'kincone', 'Concur Expense', 'ジョブカン経費精算', 'RECEIPT POST', '経費精算freee', '経費BankⅡ', 'rakumoケイヒ', '駅すぱあと旅費交通費精算Web', 'WAVE225旅費・経費精算／稟議', 'らくらく旅費経費.net', '駅すぱあと 通勤費Web', 'jinjer経費', 'ハイ！経費', 'Streamed', 'ネクストICカード', ""Traveler'sWAN"", ""J'sNAVI NEO"", 'MAJOR FLOW Z KEIHI', '駅探BIZ', 'Business Navitime 交通費精算パッケージ', 'ECOAS経費・旅費精算', 'AXL経費', '経費精算ソリューション Systemaflow®', 'iS-Trip', 'ExchangeUSE 旅費・経費精算ワークフロー', 'クラウドERP ツバイソ', '経費精算幕僚Ⅲ', 'eKeihi', '助ネコ\u3000Web領収書', 'Spendia', 'STAFee', 'INVOICE POST', 'BIZUTTO経費', 'SmartGo Staple']"
"['BOARD', 'DivaSystem FBX', 'CCH Tagetik', 'BizForecast', 'Workday Adaptive Planning', 'Sactona', 'Manageboard', 'Lancers Assistant', 'Anaplan']"
"['V-ONE クラウド', '請求管理ロボ', 'カンタン！残高管理表クラウド']"
"[""J'sNAVI NEO"", 'AI Travel', 'Racco', 'BORDER', 'マイナビBTM']"
"['Paid', 'GMOペイメントゲートウェイ', 'BizPay', 'マネーフォワード ケッサイ', 'NP掛け払い', 'ペイジェント', 'SBペイメントサービス', 'i-GATE銀行決済', '法人向けBtoB決済代行サービス', 'ペイジェントの支払い代行サービス', 'ペイジェントの支払い代行サービス', 'Stripe', '助太刀法人プラン']"
"['AI-CON Pro', 'AI-CON', 'hubble', 'LegalForce', 'リチェック', 'LAWGUE']"
"['クラウドサイン', 'NINJA SIGN', 'ドキュサインの電子署名', 'リーテックスデジタル契約®︎', 'Adobe Sign', '電子印鑑GMOサイン', 'ContractS CLM', 'BtoBプラットフォーム 契約書', 'HelloSign', 'paperlogic電子契約', 'みんなの電子署名', 'マネーフォワード クラウド契約', 'WAN-Sign', 'LegalForce', 'かんたん電子契約 for クラウド', 'LegalForceキャビネ', 'jinjerサイン', 'リチェック', 'DD-CONNECT', 'LAWGUE', 'いえらぶ電子契約', 'SATSIGN', '電子契約くん']"
['BizForecast']
"['Sactona', 'Pace', 'カンタン！残高管理表クラウド']"
['カンタン！残高管理表クラウド']
"['Salesforce Sales Cloud', 'kintone', 'eセールスマネージャーRemix Cloud', 'Knowledge Suite', 'Eight 企業向けプレミアム', 'Intercom', 'ネクストSFA', 'Zoho CRM', 'formrun', 'Kairos3', 'Senses', 'Sales Force Assistant', 'JUST.SFA', 'SugarCRM', 'Salesforce Essentials', 'BALES CLOUD', 'CT-MAX', 'ALL-IN', 'InfAjast ES3', 'GRIDY SFA', 'ジョブマネ', 'Microsoft Dynamics 365', 'UPWARD', 'ハッスルモンスター', 'pipedrive', 'ホットプロファイル', 'GEOCRM.com', 'GrooForce 980', 'kakutoku', 'SAS® Customer Intelligence', 'ActionCockpit', '顧客創造日報シリーズ', ""desknet's SSS"", 'クラウドビート', 'RiNK', 'ワンズ営業日報', 'WaWaFrontier', 'WaWaD-Be', 'Trustpro', 'AppSuite', 'Sales8', 'UpSighter', 'Freshsales Suite', 'DP Report@', 'DP2 PLS', 'intra-mart DPS for Sales', 'monday.com', 'i-CRM', 'SFA／CRM 導入運用支援サービス']"
"['Salesforce Sales Cloud', 'eセールスマネージャーRemix Cloud', 'Knowledge Suite', 'Eight 企業向けプレミアム', 'Intercom', 'ネクストSFA', 'Zoho CRM', 'formrun', 'Senses', 'Sales Force Assistant', 'JUST.SFA', 'サスケLead', 'SugarCRM', 'Salesforce Essentials', 'BALES CLOUD', 'CT-MAX', 'InfAjast ES3', 'GRIDY SFA', 'Microsoft Dynamics 365', 'UPWARD', 'pipedrive', 'ホットプロファイル', 'GEOCRM.com', 'GrooForce 980', 'kakutoku', 'SAS® Customer Intelligence', 'ActionCockpit', '顧客創造日報シリーズ', ""desknet's SSS"", 'クラウドビート', 'RiNK', 'ワンズ営業日報', 'WaWaFrontier', 'WaWaD-Be', 'Ambassador Relations Tool', 'Trustpro', 'GRMarketing', 'TRYFUNDS TECHNOLOGY', 'バイク屋さんの顧客管理V4', 'AppSuite', 'hokan', 'Freshsales Suite', '継続確認Web', 'monday.com', 'i-CRM', 'SFA／CRM 導入運用支援サービス', 'anybot', 'Synergy!']"
"['Sansan', 'CAMCARD BUSINESS', 'Knowledge Suite', 'Eight 企業向けプレミアム', 'SmartVisca', '名刺管理のメイシー', 'SkyDesk Cards R', 'PhoneAppli for Salesforce', 'UltimaBlue', 'トーニチ ネクスタ メイシ', 'bizcompass', 'ホットプロファイル', 'i-Connection', '名刺de商売繁盛', 'THE 名刺管理 Business']"
"['Zoom', 'EXPOLINE', 'millviポータル', 'オンラインイベント～運営サポートサービス～', 'BizLive']"
"['Zendesk', 'KARTE', 'b→dash', 'Flipdesk', 'Tayori', 'Repro（リプロ）', 'Freshdesk Messaging', 'ChoiceRESERVE', 'CODE Marketing Cloud', 'WOVN.io', 'Thumva BiZ', 'Sprocket', 'Live800Plus', 'GoQSmile', 'SaleCycle', 'Zoho SalesIQ', 'ecコンシェル', 'DD', 'OK SKY', 'Robee', 'Freshdesk Support Desk', 'ビデオトーク powered by 空電', 'Webica', 'Combeez', 'Fanplayr', 'Rtoaster', 'LINE AiCall', 'anybot', 'Helpfeel', 'EC Intelligence']"
"['DRIVE CHART', 'Cariot', 'SmartDrive Fleet', '無事故プログラムDR®', 'ビークルアシスト', 'Linkit Maps', 'Loogia', 'トラッカーズマネージャー', '「TUMIX配車計画」運送業専用クラウド', 'docoですcar']"
"['VCRM', 'Thumva BiZ', 'RemoMee', 'Chat Meet', 'どこでもSHOWBY', 'オンライン接客システム”ROOMS”']"
"['チャットプラス', 'Olark', 'snapengage', 'sinclo', 'Freshdesk Messaging', 'OfficeBot', 'Chamo', 'チャネルトーク', 'チャットディーラー', 'Repl-AI', 'CScloud', 'OKBIZ. for AI Chatbot', 'ビズリンクチャット応対ソリューション', 'Robee', 'kuzen', 'CLOVA Chatbot', 'Collam', 'ASBOT', 'KARAKURI chatbot', 'anybot', 'Helpfeel']"
"['Zendesk', 'サイボウズ メールワイズ', 'メールディーラー', 'yaritori', 'Re:lation', 'Zoho Desk', 'OKWAVE IBiSE', 'CX+', ""desknet's CAMS"", 'Customa!', 'Freshdesk Support Desk', 'WEBCAS mailcenter', 'Re:lation for Biz']"
"['List Navigator.', 'サスケLead', 'MiiTel', 'BIZTEL コールセンター', 'CallTree', 'CT-e1／SaaS', 'ComDesk', 'ビズリンククラウドCTI', 'クラコールPBX']"
"['Zendesk', 'Salesforce Service Cloud', 'Twilio', 'CallConnect', 'MiiTel', 'BlueBean', 'ftel', 'FastCloud', 'BIZTEL コールセンター', 'アポ放題', 'InfiniTalk', 'MEDIA-CTI', 'CT-e1／SaaS', 'V-SQUARE', 'Flat-Phone', 'Cloud Call', 'Ever Call', '自由放題ビジネスフォン', 'iスマートBiz', 'TELE-ALL-LINE', 'Cyber Phone', 'Basix', 'CTBASE／ConnectCloud', 'KDDI 仮想PBXサービス', 'NETFORWARD クラウドPBXサービス', 'リコービジネスインターネットサービス クラウドPBX', 'N-CALL＆N-LINE', '楽テル', 'COLLABOS PHONE', 'OSORA', '楽天コネクト Speed', 'LINE AiCall', 'Third AIコンタクトセンターソリューション', 'ビズリンククラウドCTI', 'Basix', 'Helpfeel']"
"['Salesforce Service Cloud', 'List Navigator.', 'MiiTel', 'Dialpad', 'BlueBean', 'Sales Crowd', 'BALES CLOUD', 'FUSION Outboud PRO', 'DISH', 'アポ放題', 'SakuraOutbound', 'InfiniTalk', 'MEDIA-CTI', 'Cloud Call', 'シンカCTI', 'TIS CTI Cloud', 'Call Hacker', 'GoodLine', 'Cloco クラウドPBX', 'Callbility']"
"['シクミネット', 'MarkONEシリーズ', 'Nice!Members', 'STOERS 予約', 'Experience Cloud', 'commmune', '助太刀法人プラン']"
"['イベントレジスト', 'EXPOLINE', 'Event Cloud Mix', 'Q-PASS', 'イーべ！', 'KODOU', 'anybot']"
"['SurveyMonkey', 'Questant', 'CREATIVE SURVEY', '100人アンケート', 'プラスワンリサーチのWEBアンケート作成', 'Fastask', 'Anky', 'MOMONGAアンケート', '秒速リサーチ', 'DIP Survey', 'Sprint', 'クライゼル', 'Zoho Survey', 'Zoho Forms', 'Freeasy', 'WEBCAS formulator', 'CVリフト', 'Synergy!']"
"['Zendesk', 'KotaMi', 'OKWAVE IBiSE', 'HiTTO', 'AI-FAQボット', 'sAI Search', 'Freshdesk Support Desk', 'アイキュー', 'LINC Biz bot', 'AI Messenger', 'Chatbot・検索システムサービス', 'CollasQ', 'Office 365 QA自動応答サービス（CoCobox）', 'OfficeBot', 'Helpfeel']"
"['Thumva BiZ', 'Handbook']"
"['Adobe Marketo Engage', 'Salesforce Marketing Cloud', 'マーケティングオートメーション MAJIN', 'b→dash', 'Probance', 'Campaign Studio（キャンペーンスタジオ）', 'うちでのこづち', 'カスタマーリングス', 'pass for business', 'Aimstar', 'MIRAI', 'アクティブコア マーケティングクラウド', 'GEPPY', 'MOTENASU', 'レコガゾウ', 'Combeez', 'AutoLine', 'Metaps Analytics', 'HOSHITORI', 'Fanplayr', 'MyASP（マイスピー）', 'anybot', 'Cheetah Messaging', 'Synergy!']"
"['Airレジ', 'ユビレジ', 'はんじょうPOSレジ', 'スマレジ', 'NECモバイルPOS', 'Orange Operation', 'Reservia POS', 'POS+', 'BCPOS']"
"['Zendesk', 'チャットプラス', 'Salesforce Service Cloud', 'sinclo', 'OfficeBot', 'Benefitter', 'GoQSmile', 'Rebot', 'LoBoT', 'チャットディーラー', 'Repl-AI', 'OKBIZ. for AI Chatbot', 'HiTTO', 'AI-FAQボット', 'ビズリンクチャット応対ソリューション', 'OK SKY', 'kuzen', 'アイキュー', 'LINC Biz bot', 'AI Messenger', 'COTOHA Chat & FAQ', 'CLOVA Chatbot', 'Third AIコンタクトセンターソリューション', 'Collam', 'Chat Meet', 'hachidori Marketing', 'Challbo', 'Office 365 QA自動応答サービス（CoCobox）', 'ASBOT', 'hachidori assistant', 'KARAKURI chatbot', 'sAI Chat', 'Support Chatbot', 'hitobo', 'AI.BiS', 'IZANAI by Cloud CIRCUS', 'alli', 'HUE Chatbot', 'anybot', 'M³', 'Helpfeel']"
"['NP後払い', 'ペイジェント', 'atone', 'SBペイメントサービス', 'Natural Payment', 'ペイジェントの支払い代行サービス']"
"['GMOおみせアプリ', 'Repro（リプロ）', 'Funnel Push', 'Metaps Analytics', 'Appvisor Push']"
"['ジョブカン勤怠管理', 'jinjer勤怠', 'マネーフォワードクラウド勤怠', 'Touch On Time', 'バイバイタイムカード', 'Job Quicker', 'シフオプ', 'アールシフト', 'Airシフト', 'Sync Up', 'follow スマートタッチ', 'oplus', '幹部の右腕', '店番長', '勤怠Reco', 'ほすぴタッチ']"
"['Visual Website Optimizer', 'Bカート', 'Orange EC', 'EC-CUBE', 'ecbeing', 'COMPANY-EC', 'アイジェント・レコメンダー', 'たまごリピート', 'ebisumart', 'SI Web Shopping', '売れるECサイト支援サービス', 'YUKO', 'HIT-MALL', 'KiboRTI', '侍カート', 'EC Intelligence', 'リピートPLUS', 'ｗ２Commerce Value5', 'CHATCART', 'anybot', 'ISSO']"
"['MakeShop', 'カラーミーショップ', 'easymyshop', 'e-shopsカートS', 'shopserve', 'PayCartPlus', 'WISECART']"
"['ロジクラ', 'NECモバイルPOS', '助ネコ 商品登録', '店番長', 'Reservia POS', 'クチコプレミアム', 'クラウドサインNOW', 'Hoshitorn', 'はたLuck®︎', 'スマレジ', 'デジちゃいむ']"
"['LINE@', 'Peatix', 'こくちーず', 'GMOおみせアプリ', 'Doorkeeper', 'ストアビーコン', 'SmartPlate', 'dodo point', 'RUNWAY', 'CallTracker', '店舗アプリ', 'Orange EC', 'Actual Revolution', 'PCON', 'オムニチャネル構築実態レポート', 'GReeting BEACON', 'Apple wallet&Google Pay passクーポン発行サービス', 'Googleマイビジネス運用サービス', 'TesTee', 'CAMPiN', 'P-conne', 'Seesaa O2O Cloud+', 'ハッピーのろし', 'poinest', 'pass for business', 'バーコードプロモーション', 'GEPPY', 'EC Intelligence', 'MGRe', 'anybot', 'anybot', 'anybot']"
"['ABEJA Insight for Retail', '動線・動作分析\u3000Moptar']"
"['スクエア', '法人向けBtoB決済代行サービス', 'スマレジ']"
"['スマレジ', 'FlickOrder', 'スマレジ・ウェイター', 'GATEモバイルオーダー', 'GATE Reserve']"
"['GMOおみせアプリ', 'Yappli', 'Apple wallet&Google Pay passクーポン発行サービス', 'Platio', 'Thumva BiZ', 'アプスタ', 'POS+', 'クラウドサインNOW', 'スマレジ', 'AppGoose by Cloud CIRCUS', 'ModuleApps', 'MGRe', 'anybot']"
[]
"['ProTech ID Checker', 'LINE eKYC']"
"['HubSpot', 'Pardot', 'Adobe Marketo Engage', 'SATORI', 'Kairos3', 'マーケティングオートメーション MAJIN', 'b→dash', 'サスケLead', 'Cloud CMO', 'Oracle Marketing Cloud', 'Oracle Eloqua', 'Dr.Marketing', 'BowNow by Cloud CIRCUS', 'GoQMieruca', 'Campaign Studio（キャンペーンスタジオ）', 'ホットプロファイル', 'HCL Campaign', 'nosy', 'BALES CLOUD']"
"['Mailchimp', 'Knowledge Suite', 'Benchmark Email', '配配メールBridge', 'メール商人', 'WiLL Mail', 'b→dash', 'Cuenote FC', 'MuuMuuMail', 'blastmail', 'dodo point', 'オレンジメール', 'BIGLOBEクラウドメール', 'ワイメール', 'BALES CLOUD', 'ferret One', 'Starseven', 'EXPA', 'acmailer', 'オートビズ', 'ナウゲッタmail', '緊急メール連絡板', 'mmEXPRESS', 'WEBCAS e-mail', 'Customers Mail Cloud', 'ClickM@iler', 'める配くん', 'HyperMail', 'さぶみっと！メール配信', 'コンビーズメールプラス', 'アララ メッセージング ソリューション', 'SaleCycle', 'お名前.com メールマーケティング', 'noticious', 'クライゼル', 'Zoho Campaigns', 'MailPublisher', 'MyASP（マイスピー）', 'Cheetah Messaging', 'Synergy!']"
"['絶対リーチ！SMS', 'SMSLINK', 'Push!SMS', '空電プッシュ', 'KYUSMS', 'SMS HaNa', 'KDDI Message Cast', 'WEBCAS SMS']"
"['Enterprise Video Suite', 'necfru Media Cloud', 'Video Marketing Suite', 'J-Stream Equipmedia', 'UIshare', 'ビジュアモール ムービーライブラリ', '動画配信システム「millvi（ミルビィ）」', 'クラストリーム', 'viaPlatz', 'MediaPack', 'tebiki', 'BizLive']"
"['BOXIL', 'OPTIO', 'GeAIne', 'ferret One', 'APOLLO SALES', 'Anky', 'Datanyze', 'Lead Brizzy', 'anybot']"
"['WordPress', 'BASE', 'WIX', 'Jimdo', 'Stores.jp', 'ペライチ', 'ameba ownd', 'BiNDクラウド', 'FC2ホームページ', 'weebly', 'Strikingly', 'Prott', '忍者ホームページ', 'universions', 'Moqups', 'e-shops crayon', 'Webnode', 'Cloud CMO', 'Fluid UI', '侍カート', 'SiTest', 'Connecty CMS on Demand', 'KINOTROPE', '花久留米', 'flamingo', 'HeartCore', 'Drupalナビ', 'goodsie', 'WebStation', 'LinkS@T', 'Rabbit', 'dino', 'A-BiSU', 'Experience Cloud', 'SITE PUBLIS', 'LeadGrid', 'BlueMonkey by Cloud CIRCUS', 'Adobe Experience Manager', 'CHATCART']"
"['DLPO', 'Gyro-n LPO', 'どこどこJP', 'SiTest Lite', 'Dockpit', 'eMark+', 'CHATCART', 'ISSO']"
"['Visual Website Optimizer', 'Form Assist', 'Gyro-n EFO', 'EFO CUBE', 'GORILLA EFO', 'Easy Entry', 'スマートUPフォーム', 'LACNE FORM+', 'formy', 'EFOcats', 'CHATCART', 'ISSO']"
"['サグーワークス', '100人アンケート', 'FILM BANK', 'Writing Works', 'モバリスト', 'オウンドメディアスタートパック', 'iZooto', 'nosy', 'サムライト', 'TechAcademyマガジン', 'noticious', 'dino', 'A-BiSU', 'Workship MAGAZINE', 'LeadGrid', 'e-Distribute', 'e-Store', 'Dockpit', 'eMark+', 'Adobe Experience Manager']"
"['GMOおみせアプリ', 'SmartBeat', 'DeployGate', 'Crashlytics', 'TestFairy', 'Proto.io', 'Yappli', 'Monaca', 'CLINKS', 'JointApps', 'Platio', 'アプスタ', 'CPQ Cloud', 'Collabo!App', 'GIGのLINEアプリ開発サービス', 'ModuleApps', 'MGRe']"
"['Google アナリティクス', 'User Insight', 'Ptengine', 'AIアナリスト', 'Keywordmap', 'Growth Push', 'Adobe Experience Cloud', 'Mixpanel', 'AD EBiS', 'Splunk® Enterprise', 'yahooアクセス解析', 'SiTest', 'KISSmetrics', 'clicktale', 'Repro（リプロ）', 'Juicer', 'Visionalist', '検索順位チェックツールAZC', 'eMark+', 'Rank Tracker', 'BULL', 'やよいの顧客管理', 'BitRFM4', 'RFM分析いいお客様Pro', 'LTV-lab', 'Klarity', 'sibulla', 'ARGOS', 'RTmetrics', 'sui-sei', 'SpeedCurve', 'GoQShortener', 'GoQShortenerBusiness', 'Appvisor Push', 'DeeBoard', 'RTmetrics for People Analytics', 'Dockpit', 'おまかせアナリスト']"
"['Keywordmap', 'DemandMetrics', 'WILL GATE', 'キーワードウォッチャー', 'Gyro-n SEO', 'eMark+', 'ウィルゲートのSEOサービス', 'SEO TALK', 'LinkS@T', 'Paddle SEO', 'CINCのSEOコンサルティング', 'Dockpit', 'ISSO']"
"['CREATIVE SURVEY', 'Ambassador Relations Tool', 'クアルトリクス カスタマーエクスペリエンス（CX）｜Qualtrics']"
"['サイネージリレーション', 'エイムクリエイツのデジタルサイネージ', 'e-Pod Digital', 'リコー デジタルサイネージ']"
"['FORCAS', 'BALES CLOUD', 'チラCEO', 'Datanyze', 'ライバルマーケティング広告', '顧問バンク']"
"['SendGrid', 'Customers Mail Cloud', 'ベアメール']"
"['EMERALD POST', 'SAME']"
"['FactoryNavi', 'GENESISS', 'クラウド2Mfg生産管理', 'PT-SaaS', 'TECHS-S', 'TECHS-BK', '商い哲人EX', 'EXtelligence EDIFAS', 'rBOM']"
"['flam', 'スマート在庫管理', 'GEN', '助ネコ 在庫管理', 'iDempiere', 'TS-BASE', 'セールスノート', 'Strawberry Jam', 'ロジクラ', '楽楽販売', 'COREC', 'COOOLa', 'TEMPOSTAR', 'アラジンオフィス', 'eee CLOUD', 'クラウド型間接材調達支援サービス', 'スマレジ', 'DX ウランバ！！']"
"['Oracle NetSuite', 'ZAC', 'Galileopt NX-Ⅰ', 'NetSuite', 'GEN', 'SAP Business One', 'ALL-IN', 'Reforma PSA', 'iDempiere', 'CCMS', 'AMMIC／NetP', 'ツバイソ', 'SAP Business ByDesign', 'マネーフォワード クラウドERP', 'Plaza-i', 'PROGRESS-ONE', 'TENON system Consulting', 'Infor SyteLine', '生産管理777クラウド', 'FutureStage クラウド', 'クラウドERP freee', 'MA-EYESnc', 'デジタルスフィア Assembly ERP', 'レンタルオフィス販売管理システム', 'EAST2', 'ERPポジショニングマップ by BOXIL SaaS', 'GRANDIT miraimil', 'ソアスク', 'DX ウランバ！！']"
"['Bカート', 'GoQSystem', '助ネコ 受注管理', 'TS-BASE', 'CROSS MALL', 'アシスト店長', 'ネクストエンジン', '受発注CO-NECT', '楽楽販売', '受注でポン', 'TEMPOSTAR', 'YUKO', 'Meeepa', 'BtoB Web受発注システムMOS', 'アラジンEC', 'BP-LINKS', 'BtoBプラットフォーム 受発注', 'DD-CONNECT', 'DX ウランバ！！']"
"['ZAC', 'みえぞう', 'GENESISS', 'iDempiere', 'ci.Himalayas／wms', 'LINEPRO-RIA', '楽楽販売', 'AP-21', 'Atom WMS', '倉庫「見える化」＠web', 'Natural Payment', '楽商', '物品管理システム', 'ExeQuint', 'クラウド型在庫管理システム@wms', 'L-FIELD', 'Smile Works', 'COOOLa', '点検エース for Excel®', 'motolist', 'アラジンオフィス', 'レンタルオフィス販売管理システム', 'クラウド型間接材調達支援サービス', 'DX ウランバ！！']"
"['ZAC', 'TECHS-S', 'TECHS-BK', '楽楽販売', 'uconnect', 'クラウドログ', 'BtoBプラットフォーム 受発注']"
"['モノタロウ', '楽楽販売', 'PROCURESUITE', 'クラウド型間接材調達支援サービス', 'RFQクラウド', 'ビズネットの調達・購買デジタル化サービス']"
['motolist']
"['Lychee Redmine', '楽楽販売', 'TimeTrackerNX', 'サクっと工程SP', 'monday.com', 'AI工程スケジューラ']"
['ANDPAD']
"['esa.io', 'HULFT8', 'intra-mart', 'Catalog Cloud', 'クラウドEDI-Platform', 'ACMS WebFramer', 'クラウドサイン SCAN', 'OZ e-Form', 'ePromo', '快速サーチャーGX', 'NsxpresⅡ', 'ASTRUX SaaS', 'Working Folder', 'ActiveAssets', 'EIMANAGER', 'GlobalDoc5', 'デジサインTab', 'booMo', 'OnBase', 'OfficeView', 'SOX+', 'EXtelligence EDIFAS', '点検エース for Excel®', 'AUTO帳簿EX', '雲紙舎', 'FNX e-帳票FAXサービス', 'EdiGate／POST', 'クラウド型間接材調達支援サービス']"
"['ジョブカン勤怠管理', 'KING OF TIME', 'TeamSpirit', 'kincone', 'jinjer勤怠', 'ICタイムリコーダー', 'IEYASU', 'KING OF TIME for ビジネスプラス', 'シュキーン', 'マネーフォワードクラウド勤怠', 'Touch On Time', 'Workplace from Facebook', 'CLOUZA', 'スマレジ・タイムカード', 'Hachikin', 'バイバイタイムカード', 'COMPANY 勤怠管理システム', '人事労務 freee', 'CYBER XEED', 'AKASHI', 'CLOMO', '勤労の獅子', 'リシテア 就業管理クラウドサービス', 'ネクストICカード', 'e-就業ASP', 'CC-BizMate', 'kinnosuke', 'MOTクラウド勤怠管理システム', 'Airシフト', ""G'Job 勤怠24"", 'ちゃっかり勤太くん', 'follow スマートタッチ', 'CAST NAVIGATOR', 'レコル', 'Focus U タイムレコーダー', 'follow', 'oplus', '勤怠管理システムTimes', 'e-就業OasiS', 'ミナジン就業管理', 'IBLook', 'BizWork+', 'KINPIRA CLOUD', 'Solaポータルサービス(SPS)', 'ZENO', '勤怠Reco']"
"['Smart Boarding', 'Schooビジネスプラン', 'Teachme Biz', 'Progate', 'ドットインストール', 'ストアカ', 'iStudy Cloud', 'Livoo!', 'CodeCamp', 'LearnO', 'Platon', 'StudySmile', 'ひかりクラウド スマートスタディ(eラーニング)', 'Cloud Campus', 'AirCourse', 'オンライン英会話・Bizmates', 'CMC Solutions セミナー予約システム', 'KnowledgeDeliver', '派遣のミカタ', 'eden LMS', 'エムスタ', 'Livemo', 'SmartBrain', 'サイバックスUniv.', 'TANREN', 'LearningWare', 'Moodlerooms', 'eラーニングマネージャーZ', 'CODEPREP(コードプレップ)', 'セールスeラーニング', 'Multiverse', 'BISCUE LS', 'Learning Tracker', '学まね', 'eマナビー', 'CAREERSHIP®', 'TOP ESLオンライン英会話', 'EGG', '光Webスクール', 'サイバックスUniv.', 'SAKU-SAKU Testing', 'Motify HR', 'KnowledgeC@fe', 'Click-Learn', '在宅ワーク時・セキュリティ意識向上eラーニング', 'playse. eラーニング', 'toaster team']"
"['SmartHR', '人事労務 freee', 'ジョブカン労務HR', 'オフィスステーション 労務', 'オフィスステーション年末調整', 'マネーフォワード クラウド人事管理', 'マネーフォワード クラウド社会保険', 'LifeMail Voice', '労務管理システム「jinjer労務」', 'BeeMyNo', 'サイレコ', 'ミナジン就業管理', 'ARROW', 'COMPANY 申請ワークフロー・情報公開システム', 'COMPANY 雇用手続管理システム', 'マネーフォワード クラウド年末調整', 'クラウドハウス労務', 'ほすぴタッチ']"
"['Talknote', 'カオナビ', 'SmartHR', 'ラフールサーベイ', 'EX Intelligence | HRBrain', 'Geppo', 'wevox', 'jinjerワークバイタル', 'hanaseru', 'GALILEO', 'CUBIC組織診断ツール', '中部システム事務機の中小企業向け情報セキュリティ', 'サービスチーム力診断', 'wellday', 'Qasee', 'クアルトリクス 従業員エクスペリエンス（EX）｜Qualtrics', 'Willysm', 'CUBIC適性検査 TRIUMPH ver.']"
"['ラフールサーベイ', 'ウツ会議', 'Carely', 'バリューHR\u3000健診予約システム', 'M-Check+', 'STRESCOPE', 'ハピルス健診代行', 'newbie', 'first call 健診管理サービス', 'ベネワン・プラットフォーム', 'ORIZIN']"
"['マネーフォワード クラウド給与', '給与奉行クラウド', '人事労務 freee', 'ジョブカン給与計算', 'フリーウェイ給与計算', 'Pay-Look', 'JDL IBEX 給与 net2', 'Cells給与', 'らくらく定期.net', 'Workcloud', 'PCA給与DXクラウド', 'PROSRV', 'COMPANY 給与計算システム', 'jinjer給与']"
"['カオナビ', 'SmartHR', 'ラフールサーベイ', 'EX Intelligence | HRBrain', 'Geppo', 'wevox', 'スマカン(SmartCompany)', 'リアルワンの従業員満足度調査', 'jinjerワークバイタル', 'モチベーションサーベイ', 'hanaseru', 'フェアリード', 'MSQ組織分析', 'NXワークフロー eValueNS', 'スマレビ for ES', 'モチベーションクラウド', 'wellday', 'クアルトリクス 従業員エクスペリエンス（EX）｜Qualtrics', 'Willysm']"
"['オフィスグリコ', 'オフィスおかん', 'オフィスファミマ', 'OFFICE DE YASAI', 'パンフォーユー・オフィス', 'bento.jp', 'KIRIN naturals', 'OZ COFFEE']"
"['RECEPTIONIST', 'ACALL RECEPTION', 'CC-SmartEscort', 'Reclip', 'bitreception', 'ラクネコ', 'おくだけレセプション']"
"['Payme', 'CRIA', 'enigma pay', '楽天早トク給与', 'POS+ pay']"
"['RPM', 'HRMOS採用', 'ジョブカン採用管理', 'sonar ATS', 'next≫', 'エアリーフレッシャーズクラウド', 'Success Factors Recruiting', 'Refcome', 'JobSuite CAREER', 'AOLC', 'Zoho Recruit', '採用一括かんりくん', 'リクナビHRTech採用管理', 'HERP Hire', 'MOCHICA', 'Concier&TECH', 'TalentCloud', 'HITO-Link リクルーティング', '内定者パック', 'Reworks cloud', 'GoQ採用管理', 'JobSuite FRESHERS', 'スキルナビ', 'monday.com', 'クラウドハウス採用', '採用係長', 'ワガシャ de DOMO']"
"['FACEHUB', 'VCRM', 'ApplyNow', 'どこでも面接', 'Video Interview', 'BioGraph', 'playse web面接', 'SOKUMEN', 'ITSUMEN']"
"['カオナビ', 'あしたのクラウドHR', 'HRBrain', 'タレントパレット', 'CYDAS PEOPLE', 'HRMOS\u3000タレントマネジメント', 'MINAGINE 人事評価システム', 'あしたのチーム', 'jinjerワークバイタル', 'スマカン(SmartCompany)', 'HR-Platform', 'HITO-Link パフォーマンス', '評価ポイント', 'Resily', 'サイレコ', 'COMPANY 人事管理システム', 'スキルナビ', 'Co:TEAM（コチーム）', '生産性向上クラウド「AssetViewTele(アセットビュー テレ)」', 'ベネワン・プラットフォーム']"
"['カオナビ', 'SmartHR', 'あしたのクラウドHR', 'HRBrain', 'タレントパレット', 'Workday', 'CYDAS PEOPLE', 'HRMOS\u3000タレントマネジメント', 'KING OF TIME 人事労務', 'SAP SuccessFactors', 'ヒトマワリ', 'スマカン(SmartCompany)', 'jinjerワークバイタル', 'banto', 'wevox', 'LearningWare', 'nipo', 'Cornerstone', 'COCOREPO', 'SMILE SCORE', 'Zoho People', 'HR-Platform', 'HITO-Link パフォーマンス', 'Resily', 'サイレコ', 'jinjer人事', 'COMPANY 要員分析システム', 'COMPANY 人材開発システム', 'スキルナビ', 'あしたのチーム', 'ベネワン・プラットフォーム']"
"['カオナビ', 'あしたのクラウドHR', 'HRBrain', 'CYDAS PEOPLE', 'あしたのチーム', '360（さんろくまる）', 'スマカン(SmartCompany)', 'HR-Platform', 'スマレビ for 360°', 'クアルトリクス 従業員エクスペリエンス（EX）｜Qualtrics']"
"['Unipos', 'TUNAG', 'THANKS GIFT', 'インセンティブ・ポイント', 'RECOG']"
"['カオナビ', 'SmartHR', 'あしたのクラウドHR', 'HRMOS\u3000タレントマネジメント', 'あしたのチーム', 'マネーフォワード クラウド人事管理', 'シナジーHR', 'HR-Platform', 'Zebra6', 'UpSighter', 'jinjer人事', 'Qasee', 'スキルナビ', 'mentor']"
"['SmartHR', 'オフィスステーションWeb給与明細', 'マネーフォワード クラウド給与', 'Focus U 給与明細', 'やよいの給与明細 オンライン', 'Fleekform給与', '給与プロ', 'i-Compass WEB給与明細', 'jinjer給与']"
"['SmartHR', 'BeeMyNo', 'セキュアMyNUMBER']"
"['AirCourse', 'Dojo', 'サイバックスUniv.', 'エレファンキューブ', '動画制作・配信おまかせパック', 'Click-Learn', '在宅ワーク時・セキュリティ意識向上eラーニング']"
"['MatchinGood', 'スタッフナビゲーター', 'キャスティングナビ', 'メールディーラー', 'PORTERS', 'CROSS STAFF', 'jobs', 'CROSS NAVI（クロスナビ）']"
['レキシル']
['1on1 Talk']
"['サイボウズOffice', 'kintone', 'Google Workspace', 'Garoon', 'Confluence', ""desknet's NEO"", 'Aipo', 'J-MOTTOグループウェア', 'Qast', 'トヨクモ安否確認サービス２', 'NI Collabo 360', 'GRIDYグループウェア', 'WaWaoffice for Workspace Organizer', 'CELF', 'Diamond Portal', 'GroupSession byCloud', 'ecat CLOUD', '緊急メール連絡板', 'Zoho Connect', '社内報アプリ', 'Webex Teams', 'Google Workspace', 'Microsoft 365', 'Ariel Air One', 'NICE営業物語', 'FieldPlus', '営業日報 MarkⅡ', '未来日報', 'BeWorks', 'i-GATE銀行決済', 'ResourceLook Online', 'ビービーシステムのOffice 365 マニュアル提供サービス', 'INSUITE', 'Happeo', 'Zoho Creator', 'mitoco', 'ジョブカンApps', 'デジタルスフィアA‐R‐S', 'IBLook', 'Azure AD 導入支援サービス', 'グループスケジュール管理「ScheduleLook for Microsoft Teams」', 'Exchange階層型アドレス帳「AddressLook」', '階層型アドレス帳 AddressLook for Microsoft Teams', 'Exchangeグループスケジューラ「GroupLook」', 'Exchangeモバイルソリューション「ExLook」', 'eValue V Air', 'Microsoft Teams・SharePoint管理者向け導入サポート', 'monday.com', 'ArielAirOne']"
"['Chatwork', 'Backlog', 'Trello', 'Asana', 'Redmine', 'Wrike', 'JIRA', 'Jira Software', 'jooto', 'タスクワールド', 'Brabio!', 'pivotaltracker', 'マンモスプロジェクト', 'Assembla', 'Help Scout', 'Clarizen', 'Lychee Redmine', 'BeingManagement3', 'Project Online', 'Reforma PSA', 'Quip', 'Brushup', 'ecat CLOUD', '賢人ワークフロー', 'ToDous', 'Group Camp', 'TimeTrackerNX', 'Project Canvas', 'Genie Frame', 'FCタイムレポート', 'Syn Viz S2', 'AdFlow', 'Bizer team', 'Zoho Projects', 'MA-EYESnc', 'EAST2', 'Pace', 'クラウドログ', 'ANDPAD', '新ビジネス導入支援', 'monday.com', 'HUE Project Board', 'Naoshite', 'Jira Work Management']"
"['Chatwork', 'LINE WORKS', 'LINE WORKS', 'Talknote', 'Yammer', 'Chatter', 'WowTalk', 'Aipo', 'ChatLuck', 'gamba!', 'Idobata', 'Beat Shuffle', 'Chat&Messenger', 'nanoty', 'WowTalk for ビジネスプラス', 'Webex Teams', 'TEんWA', 'SMART Message', 'Tocaro', 'Zoho Connect', 'LINE WORKS', '社内報アプリ', 'TUNAG', 'Linkit', 'THANKS GIFT', 'houren.so', 'ホウ・レン・ソウ', 'ZONE', 'Goodjob!', 'Happeo', 'BEST TEAM', 'LumApps', 'TAGS', 'direct', 'monday.com', 'Co:TEAM（コチーム）', 'RECOG', 'Microsoft 365']"
"['AUTO帳簿EX', 'Concur Invoice', 'FNX e-帳票FAXサービス', 'LinkPrint CLOUD', 'ナビエクスプレス', 'DAiKO OCR with AI inside', 'CLOVA OCR']"
"['Chatwork', 'Slack', 'Skype', 'Microsoft Teams', 'LINE WORKS', 'Talknote', 'WowTalk', 'ChatLuck', 'WowTalk for ビジネスプラス', 'Quip', 'Webex Teams', 'LINE WORKS', 'ZONE', 'SMART Message BOT', 'LINC Biz', 'デジタルスフィアA‐R‐S', 'Typetalk', 'Teams導入・活用支援サービス', 'TAGS', 'グループスケジュール管理「ScheduleLook for Microsoft Teams」', '階層型アドレス帳 AddressLook for Microsoft Teams', 'direct', 'VoicePing', 'monday.com']"
"['Zendesk', 'DocBase', 'NotePM', 'Qast', 'KotaMi', 'Qiita:Team', 'welog', 'ココミテ', 'Data Knowledge', 'shouin＋', 'INSUITE', 'Freshdesk Support Desk', 'J-Insight', 'OKWAVE IBiSE', 'monday.com']"
"['Teachme Biz', 'NotePM', 'ひかりクラウド スマートスタディ(eラーニング)', 'tebiki', 'Dojo', 'ココミテ', 'アニー', 'KnowledgeSh@re ナレッジシェア', 'iTutor', 'ClipLine', 'wikipy', 'Memsource', 'i-Share', 'Zoho Wiki', 'WikiWorks（ウィキワークス）', 'toaster team']"
"['TeamSpirit', 'Garoon', 'ジョブカンワークフロー', 'コラボフロー', '楽々WorkflowII', 'WaWaFlow', 'Questetra BPM Suite', 'POWER EGG', 'iQube', 'らくらく申請WF.net', 'SmartFlow', 'ワークフローEX', 'MAJOR FLOW Z FORM', 'Create!Webフロー', '承認Time', 'Gluegent Flow', 'Hi-PerBT ワークフロー', 'ActionPassport', 'Styleflow', 'BtoBプラットフォーム ワークフロー', 'SmartDB', 'X-point Cloud', 'Power Automate導入・活用支援サービス', 'kickflow', 'monday.com', 'HUE Workflow', 'ArielAirOne']"
"['Confluence', 'NotePM', 'DirectCloud-SHIELD', 'BtoBプラットフォーム 契約書', 'Fleekdrive', 'Bank Invoice', '帳票クラウドサービス SVF Cloud', 'ココミテ', 'クラウドサイン SCAN', 'Zoho Writer', 'welog', '鈴与の文書情報管理', '販促倉庫', 'ConTrack', '雲紙舎', 'セキュアSAMBA pro', 'REXファイルファインダー', 'SmartDB', 'LB ファイルバックアップ4 Pro', '楽々Document Plus', 'LegalForceキャビネ', 'e-Pod Digital', 'Roconie']"
"['ACALL MEETING', 'iMeeting®-R', 'CC-SmartReservation', 'BRoomHubs', 'touch-mee', 'ResourceLook Online', 'ROOM CONCIER', '予約ルームズ', 'Solaポータルサービス(SPS)', 'Exchangeグループスケジューラ「GroupLook」']"
"['NotePM', 'e-Distribute', 'TSUTAERU', 'monday.com', 'TUNAG']"
"['サイボウズ メールワイズ', 'ビービーシステムのOffice 365 マニュアル提供サービス', 'Exchange階層型アドレス帳「AddressLook」']"
"['NotePM', 'COTOHA Meeting Assist', 'SmartMeeting', 'AI GIJIROKU']"
"['Bigtincan Hub', 'ClickShare', 'Poly G7500', 'Handbook', 'SmartMeeting', 'AI GIJIROKU']"
"['CLOMO MDM', 'i-FILTER ブラウザー&クラウド', 'Optimal Biz', 'MobiControl', 'MobileIron', 'FENCE-Mobile RemoteManager', 'mobiconnect']"
"['FortiGate', 'CheckPoint', 'いきなり！VPN', 'Cato Cloud']"
"['MiiTel', 'トビラフォン Cloud', 'ひかりクラウドPBX', 'BIZTEL ビジネスフォン', 'まとめてクラウドPBX', 'Basix']"
"['MiiTel', 'Dialpad', 'トビラフォン Cloud', 'ひかりクラウドPBX', 'BIZTEL ビジネスフォン', 'オフィスリンク', 'まとめてクラウドPBX', 'INNOVERA PBX', 'INNOVERA PBX', '3CX', 'MOT TEL', 'クラコールPBX']"
"['TeamViewer', '使えるファイル箱', 'ウイルスバスタービジネスセキュリティ', 'magicconnect', 'Zoho Assist', 'FortiClient EMS', 'Splashtop for CACHATTOクラウドパック', 'SWANStor', 'Enterpras Std', 'DoMobile ASPサービス', 'SecureCube／Access Check', 'KDDI Flex Remote Access', 'IIJ GIOリモートアクセスサービス', 'セキュアリモートアクセス', 'セキュアリモートアクセス2', 'Splashtop Business', 'PlatformV System', 'DESKTOP+Plus', 'SonicWall セキュアモバイルアクセス', 'VALTEC SWAN', 'moconavi', 'デジタルスフィアA‐R‐S', 'Cato Cloud']"
"['Chatwork', 'Zoom', 'Skype', 'Google Hangouts', 'Cisco Webex meetings', 'Whereby', 'Live On', 'FACEHUB', 'Calling Meeting', 'CanSee', 'SOBA mieruka Cloud', 'VCRM', 'FreshVoice', 'Zoom徹底活用トレーニング', 'LoopGate', 'VoicePing', 'DD', 'PrimeMeeting', 'GoQme', 'ビデオトーク powered by 空電', 'LINC Biz', 'VALTEC WEB MEETING', 'オンラインイベント～運営サポートサービス～', 'Teams導入・活用支援サービス', 'Microsoft 365']"
"['Cisco Webex meetings', 'V-CUBE Box', 'Live On', 'Calling Meeting', 'CanSee', 'Blue Jeans', 'SOBA mieruka Cloud', 'LoopGate', 'Poly RealConnect for Teams', 'Poly Studio', 'Cisco Webex with KDDI', 'e-会議サービス', 'SaasBoard', 'VQSコラボ', 'MORA Video Conference', 'Lifesize', 'DESKTOP+Plus', 'FreshVoice', 'Poly G7500', 'NEUTRANS BIZ', 'PrimeMeeting']"
"['VoicePing', 'Calisto 3200']"
[]
"['まるらくオフィス', 'Cisco Meraki']"
"['Tableau', 'Geckoboard', 'LEFTRONIC', 'Chartio', 'CLIC DATA', 'Domo', 'Power BI', 'SimilarWeb', 'MotionBoard Cloud', 'Microsoft Azure', 'GoodData', 'Dr.Sum', 'Actionista!', 'Qlik view', 'Pentaho', 'Yellowfin', 'LaKeel BI', 'MicroStrategy 2021', 'Board', 'DataDeck', 'Jedox', 'DaTaStudio@WEB', 'WebQuery', 'BIQQ EC KPI Monitor', 'Analytica', 'BIツール ソリューション', 'Data Knowledge', 'SkyLink', 'MIRAI', 'ピーシーキッドアナライザー', 'Sisense', 'Qlik Sense', 'Zoho Analytics', 'KeepData Hub', 'DeeBoard', 'Alteryx Designer', 'dataDiver', 'HOSHITORI', 'Altair Monarch', 'ノバセルアナリティクス', 'Amplitude', 'KiZUKAI', 'Panorama software BIシステム Necto']"
"['Acronis Backup', 'LB イメージバックアップ12 Pro', 'Indelible 3', 'AOSBOX Business', 'おまかせクラウドバックアップ', 'Arcserve Backup', 'torocca!', 'SWANBackup', 'AOMEI Backupper Server', 'Renee Becca', 'Nutanix', 'StorageCraft ShadowProtect SPX', 'Secure Back 4', 'Air Back', 'Commvault', 'Barracuda Backup', 'ActiveImage Protector Virtual Edition', 'ActiveImage Protector for Hyper-V', 'ActiveImage Protector Server／Desktop Edition', 'ActiveImage Protector Linux Edition', 'ActiveImage Protector Cluster Edition', 'ActiveImage Protector IT Pro Edition', 'Rapid Recovery', 'NetVault Backup', 'BackStore', 'Paragon イメージバックアップ11 Server', 'セキュアストレージ', 'Paragon イメージバックアップ12 Server', 'LB ファイルバックアップ4 Server', 'LB ファイルバックアップ4 Pro', '使えるクラウドバックアップ＋']"
"['見える化エンジン', 'TextVoice', 'アイタス', 'Keywordmap for SNS']"
"['Social Monitor', 'Social Insight', 'Media Insight', 'S-PLUS', 'Analytica', 'ピーシーキッドアナライザー', 'アイタス', 'sisense']"
"['見える化エンジン', 'Social Insight', 'Tofu Analytics', 'Insight Intelligence Q', 'Brandwatch', '炎上保険', 'クチコミ＠係長', 'コミュニケーションエクスプローラー', 'Zoho Social', 'NetBase', 'Boom Research', 'Keywordmap for SNS', 'モニタリングDX']"
"['b→dash', 'trocco', 'TIBCO® Data Virtualization']"
"['Pentaho', 'ASTERIA Warp', 'trocco', 'dataFerry', 'Reckoner', 'sisense']"
"['Canbus', 'ParnaWall', '楽々Webデータベース', 'ジョブカンApps', 'Plusdb by Cloud CIRCUS']"
"['b→dash', 'Juicer', 'essentia', 'アクティブコア マーケティングクラウド', 'Dockpit', 'eMark+', 'Rtoaster', 'Oracle Unity Customer Data Platform']"
"['Dropbox Business', 'OneDrive', 'box', 'Amazon Web Service', 'Fileforce', 'DirectCloud-BOX', 'SugarSync', 'ixMark', 'HULFT8', '使えるファイル箱', 'Fleekdrive', 'セキュアSAMBA', 'GigaCC ASP', 'TeraCLOUD', 'Cloudian HyperStore', 'Scality RING', 'tenpu', 'Acronis True Image', 'ownCloud', 'たよれーる どこでもキャビネット', 'PrimeDrive', 'Bigtincan Hub', 'Box／Box over VPN', 'Google Workspace', '青雲 UserSide Cloud Storage', 'FINALBOX', 'COREDRIVE', 'HiQZenサービス', 'JECTOR', '販促倉庫', 'セキュアストレージ', 'Qualitysoft SecureStorage', 'ファイルサーバークラウドVer.3']"
"['LOLIPOP', 'さくらのレンタルサーバ', 'お名前.com', 'heteml', 'Microsoft Azure', 'Just-Size.Networks', '法人向けレンタルサーバーCPI', 'アルファメール', 'FLEX クラウドサーバー', 'GMOクラウド\u3000ALTUS', 'EX-CLOUD レンタルサーバー', 'Zenlogicホスティング Powered by AWS', '使えるねっと', 'Zenlogic ホスティング on IDCF Cloud']"
"['DirectCloud-SHIELD', 'オフィス宅ふぁいる便', 'クリプト便', 'GigaCC ASP', 'Bizストレージ ファイルシェア', 'DIRECT! EXTREME', 'File Transmission System', 'GigaCC OKURN']"
"['XSERVER', 'WADAX', 'iCLUSTA+', 'WebARENA']"
['Salesforce Platform']
"['Salesforce Platform', 'Heroku']"
['VMware vSphere']
['Applications Manager']
[]
"['まるごとおまかせZabbix', 'DataDeck', 'アロバビュー', 'mPLAT／SMP']"
"['Zendesk', 'Freshservice', 'Remote Service', 'NOC社内システム運用管理業務トータルサポートサービス', 'LMIS', 'mPLAT／SMP', 'Freshdesk Support Desk', 'ITコンシェルジュ', 'ビデオトーク powered by 空電', 'AI Messenger', 'リモートサポートサービス', 'チャットツール利用ヘルプデスクサポート', 'GIGAスクール構想サポート', 'PRO×cierge', 'monday.com', 'Jira Service Management']"
"['SKYSEA Client View', 'LanScope Cat', 'QND', 'CLOMO', 'Freshservice', 'A-LOCKY.net', 'FKEY', 'Identity Manager', 'AssetView', 'SCCore', 'L2Blocker', 'e-Survey+', 'ESS SmartIT Operation', 'E-Trident', 'WISE Audit', 'BCPリモートバックアップサービス', 'GFI EventsManager', 'Assetment Neo', 'Windows10入替ソリューション', 'MobiControl', 'MCore', 'KAITOセキュアカメラ', 'KAITOセキュアブラウザ', 'KAITOセキュアレコーダ', 'Ivanti', 'POLキッティングサービス', 'iTAssetEye', 'チャットツール利用ヘルプデスクサポート', 'ISM CloudOne', 'Seculio']"
"['Chatwork', 'Biz安否確認／一斉通報', 'Linkit Maps', 'Solaポータルサービス(SPS)', 'Seculio', 'AI電話サービス']"
"['セキュリティソフトLOOOC', 'Netwrix Auditor', 'MylogStar 3', 'MylogStar FileServer', '特権ID管理ソリューション', 'LBアクセスログ2 Pro', 'PrivX', 'LB Mail Sitter', 'LBパソコンロック4 Pro']"
"['Deep Security® IT Protection Service', '特権ID管理ソリューション', 'CyberArk Privileged Account Security', 'Paragon イメージバックアップ12 Server', 'LB ファイルバックアップ4 Server', 'MetricFire']"
"['Optimal Biz', 'Windows10入替ソリューション', 'ManicTime Pro']"
"['マネーフォワード クラウド会計', 'pasture', '駅すぱあと 通勤費Web', 'CallTree', 'STOERS 予約', 'MetricFire', 'ドコモ・クラウドパッケージ', 'ISM CloudOne', 'LogLook＋']"
['Basic\u3000IPCC']
"['Instana', 'AppDynamics', 'Applicaitons Manager', 'Site24x7']"
"['キングソフトインターネットセキュリティ', 'Pingdom', '攻撃遮断くん', 'WebS@T 改ざん検知サービス', 'デジサート クラウド型WAF', 'Cloudflare', 'Cloudbric', 'Deep Security® IT Protection Service', 'BLUE Sphere', 'Kona Site Defender', 'SonicWall SuperMassive E10000 Series', 'WAF BENKEI', 'Barracuda Web Application Firewall', 'MSS for Imperva Incapsula', 'AIONCLOUD WAF', 'WafCharm（ワフチャーム）', 'XG Firewall', 'secuWAF', 'CloudCoffer']"
"['FortiGate', 'SonicWall ファイアウォール', 'Cisco Umbrella', 'ParnaWall', 'CheckPoint 1500 Appliance']"
"['Deep Security® IT Protection Service', 'TiFRONT']"
"['FireEye NXシリーズ', 'Deep Discovery™ Inspectorシリーズ']"
"['攻撃遮断くん', 'BLUE Sphere', 'MSS for Imperva Incapsula', 'J-Stream CDNext', 'secuWAF']"
"['LB ファイルロック3 Pro', 'FENCE-Pro', 'LB USBロック Pro', 'DirectCloud-SHIELD']"
"['ウイルスバスタークラウド', 'norton', 'Kaspersky', 'ESET', 'McAfee', 'avast!', 'ZERO ウイルスセキュリティ', 'FFRI yarai', 'AVGアンチウイルス', 'Symantec Email Security.cloud', 'i-FILTER×m-FILTER', 'Avira', 'Endpoint Protection for SMB', 'G DATA Internet Security', 'FortiClient EMS', 'Deep Security® IT Protection Service', 'BLUE Sphere', 'LB アクセスログ2', 'LB USBロック Plus', 'Basic\u3000IPCC']"
"['safeAttachクラウドサービス', 'Symantec Email Security.cloud', 'i-FILTER×m-FILTER', 'Anti Phishing Mail Gateway', 'Verona', 'BRODIAEA safeAttach', 'CyberMail メール無害化ソリューション', 'シンプルメール', 'FENCE-Mail For Gateway', 'FENCEメール誤送信対策サービス', 'LB Mail Sitter', 'File Transmission System', 'フィッシング・BEC訓練', 'Menlo Security', '使えるメールバスター']"
"['i-FILTER ブラウザー&クラウド', 'Menlo Security']"
"['LB ファイルロック3 Pro', 'LB USBロック Plus']"
['FENCE-Pro']
"['MicroStrategy 2021', 'Azure Active Directory（Azure AD）', 'CyberArk Privileged Account Security', 'ROBOT ID', 'iDoperation', 'アカンサス', 'infoScoop x Digital Workforce', 'COMPANY Identity Management', 'AccessMatrix USO', 'メタップスクラウド', '特権アクセスゲート']"
"['トラスト・ログインby GMO', 'FQ-MA', 'ROBOT ID', 'AccessMatrix USO', 'infoScoop x Digital Workforce', 'AuthPoint', 'メタップスクラウド']"
"['FQ-MA', 'V-FRONT']"
"['LACクラウドWAF監視・運用サービス', 'Trend Micro Deep Security', 'SITE PATROL CLOUD', 'BLUE Sphere', 'System Answer G3', 'CloudSmartGate', 'e-mining', 'Limelight Cloud Security Service', 'SiteLock', 'ネットワークセキュリティ診断アドバンスサービス', '中部システム事務機の中小企業向け情報セキュリティ', '脆弱性TODAY', 'DIT Security', 'SECURE-AID', 'SECURE-ARGUS', 'ホームページ健康診断 - セキュリティ対策の第一歩の位置づけの脆弱性診断', 'セキュリティ脆弱性診断サービス', '標的型攻撃メール訓練', 'ドコモ・クラウドパッケージ', 'Sreake Security（スリークセキュリティ）', 'RayAegis', 'ImmuniWeb']"
"['Akerun', 'bitlock Starter Kit', 'RemoteLOCK', 'ALLIGATE', 'RemoteLOCK OfficeUP']"
"['FortiGate', 'Paシリーズ', 'SonicWall ワイヤレス ネットワークセキュリティ', 'おまかせサイバーみまもり', 'DARKTRACE Enterprise Immune System', 'MSS for UTM', 'DIT Security', 'CheckPoint']"
"['SCT SECURE', 'ImmuniWeb']"
"['AiSTRIX', 'アロバビュー', 'Cisco Meraki']"
"['ピタット給与', 'NOC給与計算アウトソーシング', 'イージーネットの給与計算アウトソーシング', 'フロンティア社会保険労務士法人の給与計算・社会保険業務代行', '給与計算代行サービス', 'エスネットワークスの給与アウトソーシング', '給与プロ', 'エムザス', 'Wheat Accounting', 'BOD人事給与アウトソーシングサービス', 'PROSRV', 'アイエーピーの給与計算アウトソーシング', 'ペイロールの給与計算業務アウトソーシング', '人事給与サービス', 'フルキャストの給与計算代行サービス', 'トライアンフの給与計算アウトソーシング']"
"['BALES', 'g-wicの女性スタッフによる営業支援', 'g-wicの展示会営業支援', 'g-wicの交流会出席代行', 'APOLLO SALES', 'GeAIne', 'Lancers Assistant', 'アースリンクのインサイドセールス代行', 'チラCEO', '営業支援サービス「Seiyaku」', 'ファンベストの戦略的営業アウトソーシング', 'トライプスの戦略的ソリューション営業', 'セールスプロセスアウトソーシング']"
"['squadia', 'バリラボ', '日商エレクトロニクスベトナム', 'Allgrow', 'スマラボ', 'IVSのオフショア開発', 'AG Tech Lab', 'PRO×SHORE', 'プライムハイブリッド']"
"['サスケLead', 'BALES', 'BALES CLOUD', 'g-wicの女性スタッフによる営業支援', 'g-wicの展示会営業支援', 'g-wicの交流会出席代行', 'GeAIne', 'アースリンクのインサイドセールス代行', '営業支援サービス「Seiyaku」', 'セールスプロセスアウトソーシング']"
"['RECEIPT POST', 'MerryBiz', 'アックスコンサルティングの経理業務のアウトソーシング', 'トップワン経理代行センター', 'Wheat Accounting', 'アイエーピーの経理代行サービス', 'INVOICE POST', 'ペイジェントの支払い代行サービス', 'DD-CONNECT']"
"['プラスワンリサーチの新型コロナ対策支援', 'TRYFUNDS MARKETING']"
"['トヨクモ安否確認サービス２', 'リスクモニタリング', 'エフェクチュアルのオンライン評判管理対策', 'ホームページ健康診断 - セキュリティ対策の第一歩の位置づけの脆弱性診断', 'シエンプレのデジタル・クライシス対策', 'Mimamorn', '炎上リスクモニタリングサービス', 'RPA活用支援サービス']"
"['batton', 'Autoジョブ名人', 'WinActor', 'CELF RPAオプション', 'RPAロボパットDX', 'UiPath StudioX', 'HRRobo For SAP HCM', 'NOC RPAサービス (WinActor)', 'NICE APAシリーズ', 'AICONIC TechnologiesのRPAコンサルティング', 'SMART Message BOT', 'BizteX cobit', 'パトロールロボコン', 'Robotic Crowd', 'Lead Brizzy', 'DAiKO RPA Powered by おまかせRPA', 'CLOVA OCR', 'JSOL AI-OCRソリューション', 'クラウド特化型RPA導入サポート', 'RaQubo', 'PRO×BoT', '自動化導入支援サービス（RPA・マクロ）', 'Power Automate導入・活用支援サービス', 'アシスタントのRPA導入支援サービス', 'Automation Anywhere', 'Blue Prism', 'BizRobo!', 'ProcessLook＋', 'ウィルオブ・ワークのRPAサービス（WinActor）']"
"['MiiTel', 'fondesk', 'g-wicの女性スタッフによる営業支援', 'g-wicの展示会営業支援', 'g-wicの交流会出席代行', 'CX向上コンタクトセンターサービス', 'インターコードの電話代行', '電話代行・コールセンター代行サービス', 'e秘書', 'BELLQuick24 LCC', 'ビジネスアシスト', 'あんしん電話当番サービス', 'Lancers Assistant', 'よやくるー', 'AI電話サービス', 'ウィルオブ・ワークの電話代行']"
"['BALES', 'ネオキャリアの採用アウトソーシング：採用支援（新卒・中途・アルバイト）', 'アールナインは人事業務のコンサルティング・アウトソーシング', 'Concier&TECH', 'TARGET', '1stインタビュー', '採用アウトソーシング', 'COMPANY 雇用手続管理システム', 'クリエイター・IT人材に専門特化した採用戦略・採用活動伴走サービス', 'ウィルオブ・ワークの電話代行']"
"['Zendesk', 'BALES', 'pottos', '営業支援サービス「Seiyaku」', 'HiCustomer', '新ビジネス導入支援', 'Growwwing', 'クアルトリクス カスタマーエクスペリエンス（CX）｜Qualtrics', 'commmune', 'Fullstar by Cloud CIRCUS', 'CustomerCore']"
"['サグーワークス', 'リファイドの記事制作代行', 'シンプリックのSEO記事作成サービス', 'エディトル']"
"['Lancers', 'クラウドテック', 'Lancers Assistant', 'BizWorkers']"
"['ベネフィット・ステーション', 'バリューHR\u3000カフェテリアサービス', 'CRIA', 'オフィスdeリラックス', '楽天早トク給与', 'スマート福利厚生']"
"['Lancers Assistant', 'プラスワンリサーチのアンケート入力＆集計', 'AIよみと～る', 'BizWorkers']"
"['まるっとお任せEC運営サポート', 'ECサポートPRO', 'EC Intelligence', 'Lancers Assistant', 'STARONLINE合同会社のECコンサルティング', 'BizWorkers']"
"['visasQ', 'サーキュレーション', 'i-common', '顧問バンク', 'PRODOR']"
"['Mirai Translator®', 'OCiETe', 'ヤラクゼン']"
"['SINIS', 'SNS運用代行サービス', 'BizWorkers']"
"['DAiKO OCR with AI inside', 'CLOVA OCR']"
"['X-log', 'THREe', 'glad cube', 'ASUE', 'TRYFUNDS WEB MARKETING', '株式会社リスティングプラス', 'Kazakami Digital Direct', 'FICS', 'AutoStream', 'グローバルマーケティングのリスティング広告']"
"['SPinno', 'glu', 'Marketia', 'Bypass', 'Vasta', 'AdFlow', 'AdFlow Banner Pool', 'ATOM', 'AutoStream', 'Whatagraph']"
"['A8.net', '楽天LINKSHARE', 'valuecommerce', 'マネートラック', 'i-mobile Affiliate', 'Kazakami Digital Direct', 'AutoStream']"
"['Video BRAIN', 'maio', 'Next Frontier', 'アイモバイルアドネットワーク', 'VIDEO TAP', 'CMerTV', 'Vmail', 'BitStar', 'Vcampaign', 'ムビラボ', 'カチっとムービー！', 'Shibuya Movie', 'Kazakami TV', 'BOXIL BIZ DEEP', '他社でコンバージョンしたユーザーのキーワードデータを活用したYouTube広告パッケージ', 'fam∞', 'AutoStream', 'エレファントストーン', '株式会社フォーズン', 'VIDWEB（ビッドウェブ）の動画制作＆動画広告サービス']"
"['MicroAd BLADE', 'Logicad', 'おもてなしバナー', 'Crossmedia', 'ライバルマーケティング広告', 'AutoStream', ""info'z DSP""]"
"['マネートラック', 'nend', 'アイモバイルアドネットワーク', 'SniperAd', 'BLADE Hunt', '株式会社リスティングプラス', 'アイモバイルアドネットワーク', 'Crossmedia', 'Kazakami Digital Direct', 'fam∞', 'AutoStream']"
"['Sherpa', 'P-conne', 'Vasta', 'TRYFUNDS WEB MARKETING', 'Zoho Social', 'Kazakami Digital Branding', 'AutoStream']"
"['UNIMEDIA リワードウォール', 'maio', 'AutoStream']"
"['i-mobile Affiliate', 'popIn', 'fluct', 'Zucks', 'アイモバイルアドネットワーク', 'TechAcademyマガジン', 'AutoStream']"
"['VR PARTNERS', 'GuruVR', 'Kazakami Creative']"
"['i-Share', 'okunote']"
"['Picky-Pics', 'ZenFotomatic']"
"['Crevo', 'LOCUS', 'G-angle', 'video valley', 'NHKクリエイティブ・ライブラリー', '花久留米', 'Video BRAIN', 'QuickMov', 'ELEPHANT STONE', 'FILM BANK', 'GEO IMAGE WORKS', 'Next Frontier', 'DroneAgent', 'W2Mクラウド', 'Borderless', 'j movista', 'MOBERCIAL', 'Wonder Graphics', 'PROOX', 'UGOKIE', 'EITEN-Works', 'ARTTV', 'CPS放送制作', 'Spotlight Movie', 'FilmBranding', 'TV COOP', 'DIGINFO', 'CRESCO', 'Vcampaign', '光Webスクール', 'ムビラボ', 'CM STUDIO', 'カチっとムービー！', 'Shibuya Movie', 'GoQMovie', '動画配信システム「millvi（ミルビィ）」', 'ムビハピ', 'Kazakami Creative', 'GrandpaGraphics', 'SoVeC Smart Video', 'Videomaker', 'エレファントストーン', 'Powtoon', '株式会社フォーズン', 'VIDWEB（ビッドウェブ）の動画制作＆動画広告サービス']"
"['CM STUDIO', 'ビジュアモール ムービーライブラリ', 'Videomaker']"
"['photolibrary', 'スナップマート']"
"['DLPO', 'Gyro-n LPO', 'どこどこJP', 'SiTest Lite', 'Dockpit', 'eMark+', 'CHATCART', 'ISSO']"
"['Visual Website Optimizer', 'Form Assist', 'Gyro-n EFO', 'EFO CUBE', 'GORILLA EFO', 'Easy Entry', 'スマートUPフォーム', 'LACNE FORM+', 'formy', 'EFOcats', 'CHATCART', 'ISSO']"
"['Cloudflare', 'Instana', 'SpeedCurve', 'SiTest Lite', 'anybot', 'ISSO']"
"['Webサイトパートナー', 'Googleマイビジネス運用サービス', 'トコトン', '売れるECサイト支援サービス', 'ディーテラーのデジタルマーケティングコンサルティング', 'ISSO']"
"['さぶみっと！レコメンド', 'アイジェント・レコメンダー', 'おてがるレコメンド', 'パーソナライズド・レコメンダー', 'チームラボレコメンデーション', 'EC RECOMMENDER', 'Logreco', '楽レコ', 'ZETA RECOMMEND', 'KiboRTI', 'レコガゾウ', 'Suggest AI', 'EC Intelligence']"
"['アシスト店長', 'InfoBee', 'ZERO ZONE SEARCH', 'Froglet', 'Accela BizSearch ASP', 'MARS FINDER', 'i-search', 'Advantage Search', 'probo', 'sui-sei', 'Sagroonga']"
"['WordPress', 'BASE', 'WIX', 'Jimdo', 'Stores.jp', 'ペライチ', 'ameba ownd', 'BiNDクラウド', 'FC2ホームページ', 'weebly', 'Strikingly', 'Prott', '忍者ホームページ', 'universions', 'Moqups', 'e-shops crayon', 'Webnode', 'Cloud CMO', 'Fluid UI', '侍カート', 'SiTest', 'Connecty CMS on Demand', 'KINOTROPE', '花久留米', 'flamingo', 'HeartCore', 'Drupalナビ', 'goodsie', 'WebStation', 'LinkS@T', 'Rabbit', 'dino', 'A-BiSU', 'Experience Cloud', 'SITE PUBLIS', 'LeadGrid', 'BlueMonkey by Cloud CIRCUS', 'Adobe Experience Manager', 'CHATCART']"
"['GMOおみせアプリ', 'SmartBeat', 'DeployGate', 'Crashlytics', 'TestFairy', 'Proto.io', 'Yappli', 'Monaca', 'CLINKS', 'JointApps', 'Platio', 'アプスタ', 'CPQ Cloud', 'Collabo!App', 'GIGのLINEアプリ開発サービス', 'ModuleApps', 'MGRe']"
"['Keywordmap', 'DemandMetrics', 'WILL GATE', 'キーワードウォッチャー', 'Gyro-n SEO', 'eMark+', 'ウィルゲートのSEOサービス', 'SEO TALK', 'LinkS@T', 'Paddle SEO', 'CINCのSEOコンサルティング', 'Dockpit', 'ISSO']"
"['外資就活ドットコム', 'アカリク', '理系ナビ', 'クリ博ナビ', 'キャリアパーク', 'キミスカ', '名大社 新卒ナビ', 'Goodfind', 'READY TO FASHION', 'Smartthon', 'OpenWorkリクルーティング（新卒）', 'JOB']"
"['アカリク', 'ViViViT', 'type就活エージェント', 'キミスカ', 'LabBase', 'Sniping', 'キャリセン就活エージェント', 'Career Select', 'Smartthon', 'OpenWorkリクルーティング（新卒）']"
"['サポーターズ', 'LabBase', 'テックキャンプ', 'paiza 新卒', 'Career Select', 'Smartthon']"
"['ASEAN CAREER', '地方のミカタ', 'キャリセン就活エージェント']"
"['BIZREACH', 'リクルートエージェント', 'doda', 'はたらいく', 'キャリトレ', 'Re就活', 'Find Job!', 'イーキャリア', 'type転職エージェント', '@type', '女の転職@type', 'とらばーゆ', 'キャリアジェット', 'Daijob', 'マスメディアン', 'AOLC', 'Workship ENTERPRISE', 'キャリアクロス', 'OpenWorkリクルーティング （中途）', 'げんきワーク', 'スマイルSUPPORT介護', 'iACTOR!', 'アズール＆カンパニー', 'エムスリーキャリアエージェント', '人材ドラフト', 'ジャスネットキャリア', 'ブラッシュアップ・ジャパン', 'マップジョブ', 'シゴト.in', '広告転職.com', 'リーガルネット', 'TACキャリアナビ', 'クリ博ナビPRO', 'CAREER INDEX', 'クリーデンス', 'TRYFUNDS HR', 'Career Wake', 'しゅふＪＯＢ', 'クリエイター・IT人材に専門特化した採用戦略・採用活動伴走サービス', '助太刀社員', 'JOB']"
"['BIZREACH', 'Green', 'キャリトレ', 'LiBzCAREER', 'Eight Career Design', 'ViViViT', 'Forkwell採用支援サービス', 'Green', 'PROsheet', 'Lancers Agent', 'OpenWorkリクルーティング （中途）', 'GLOVER Refer', 'Adecco', 'マスコミ求人.com', 'TechAcademyキャリア', 'クリエイター・IT人材に専門特化した採用戦略・採用活動伴走サービス']"
"['BIZREACH', 'Eight Career Design', 'Refcome', 'MyRefer']"
"['BIZREACH', 'Green', 'キャリトレ', 'Find Job!', 'イーキャリア', 'Forkwell採用支援サービス', '@type', 'クラウドテック', 'ネオキャリアの採用アウトソーシング：採用支援（新卒・中途・アルバイト）', 'Green', 'paiza 転職', 'テックキャンプ', 'Workship ENTERPRISE', 'Tech Stars', 'エンジニア就活', 'フォスターキャリア', 'TechAcademyキャリア', 'Bridgers', 'ワールド情報のAI人材紹介', 'PROsheet', 'Lancers Agent', 'quick AGENT', 'i-common tech', 'クリエイター・IT人材に専門特化した採用戦略・採用活動伴走サービス', 'JOB']"
"['BIZREACH', 'キャリアクロス', 'Bridgers', 'ワールド情報のAI人材紹介', 'JapanWork']"
"['BIZREACH', 'BNGエグゼクティブサーチ', 'TRYFUNDS HR', 'クリエイター・IT人材に専門特化した採用戦略・採用活動伴走サービス']"
"['BIZREACH', 'Linkedin', 'doda', 'Yenta', 'LiBzCAREER', 'ITプロパートナーズ', '女の転職@type', 'ASEAN CAREER', 'はたらくぞドットコム', 'TARGET', 'PROsheet', 'Lancers Agent', 'クリエイター・IT人材に専門特化した採用戦略・採用活動伴走サービス']"
"['BIZREACH', 'パソナキャリア', 'ムービン', 'PROsheet', '第二新卒エージェントneo', 'Lancers Agent', 'itk', 'リーガルブライト', 'ファッショーネ', '第二新卒エージェント neo', 'クリエイターエージェンシー（人材紹介）']"
"['Onsite Service', 'Workship ENTERPRISE', 'ランスタッド', 'クリエイター・IT人材に専門特化した採用戦略・採用活動伴走サービス', 'ウィルオブ・ワークの事務派遣サービス']"
"['採用係長', 'iRec', 'Zoho Recruit', 'MANEKU', '求人サイト構築メイド', 'PLATE', 'GoQ採用管理', 'ラクリエ求人', 'JobSuite STUDIO', 'トルー', 'ワガシャ de DOMO']"
"['Wantedly運用代行', 'PR Table', 'Career Wake', 'GoQMovie', 'Mimamorn', 'クリエイター・IT人材に専門特化した採用戦略・採用活動伴走サービス']"
"['バイトル', 'LINEバイト', 'JEEK', 'タウンワークオンライン', 'from A navi', 'Qsuke', 'あさがくナビ', 'ゼロワンインターン', 'インターンシップガイド', 'Job Quicker', 'InfrA', 'Asia Trywork World', 'DR!VEインターン', 'クックビズ', 'ガールズウーマン', 'グルメdeバイト', 'インターンシップJAPAN', '求人ジャーナルネット', 'バイトーク', 'ラクリエ求人', 'しゅふＪＯＢ']"
"['カオナビ', 'Compass', 'SPI3', 'TAP', 'HR-PROG', 'DCH-Survey', '新入社員診断カルテ', 'B-CAV testⅡ', 'BPASSサーベイ', 'ICP日経人材力診断', 'MARCO POLO', 'tanΘ', 'EiKBⅡ', '採用適性検査INSIGHT', '3Eテスト', '採用適性検査CUBIC TRIUMPH ver.', 'PCSurvey', '適性検査SurveyYOU', 'HRベース適性検査', 'アドバンテッジインサイト', 'Caliper', '適性検査 eF-1G', 'ハリソンアセスメンツ', 'SCOA総合適性検査', 'PETⅡ', 'HRアナリスト 人材分析', 'back check', '1stインタビュー', 'CUBIC適性検査 TRIUMPH ver.']"
"['採用係長', 'ジョブカン採用管理', 'スタンバイ・カンパニー', 'InfrA', 'はたらくぞドットコム', 'HRサイト', 'PROsheet', 'Lancers Agent']"
"['Schooビジネスプラン', '営業ゲーム', '戦略的営業強化研修', 'ソリューション営業強化研修', '業績マネジメント研修', '営業プロセス標準化', 'オーダーメイドの営業研修', 'EGG']"
"['Schooビジネスプラン', 'TechAcademy', 'CCPMベーシックコース']"
"['Schooビジネスプラン', 'KARTE', 'プラスワンリサーチのWEBアンケート作成', 'Fastask', 'hPocketWorkMate', 'バーコードプロモーション', 'プラスワンリサーチのアンケート入力＆集計', 'Sprint', 'Dr.CMO', 'ディーテラーのデジタルマーケティングコンサルティング', 'ebook5', 'CCPMベーシックコース', 'モニタリングDX']"
"['Schooビジネスプラン', 'プラスワンリサーチの新型コロナ対策支援', 'アラームボックス モニタリング', 'サーキュレーション', 'スピード・オブ・トラスト リーダー', 'CCPMベーシックコース']"
"['Schooビジネスプラン', 'Zoom徹底活用トレーニング', 'コミュニケーション力強化トレーニング', 'ビジネスマナートレーニング', '仕事力強化トレーニング', 'プログレス', 'トライプスの戦略的ソリューション営業', '卓越した生産性向上の秘訣「5つの選択®︎」', 'GIGAスクール構想サポート']"
"['Schooビジネスプラン', 'Winning Together 日本人向け', 'Winning Together 外国人向け', 'TOP ESLオンライン英会話', '7つの習慣®︎SIGNATURE EDITION4.0']"
"['SmartHR', 'Schooビジネスプラン', 'パンフォーユー・オフィス', 'ジョブカン労務HR', 'オフィスステーション 労務', 'CC-BizMate', 'MOTクラウド勤怠管理システム', '社内研修実施力アップシリーズ', '社内研修実施力アップシリーズ', 'hPocketWorkMate', 'Focus U タイムレコーダー', 'CC-SmartEscort', 'Reworks cloud', 'SAKU-SAKU Testing', 'サイレコ', 'NOC総務アウトソーシングサービス', '勤怠管理システムTimes', 'Scorpio', 'バリューHR\u3000健診結果管理システム', 'バリューHR\u3000特定保健指導サービス']"
"['Schooビジネスプラン', 'あしたのクラウドHR', 'あしたのチーム', 'RPAロボパットDX', 'チームPDCAシリーズ', '7つの習慣®Innovative Mind研修', '7つの習慣®︎マネージャー', 'Microsoft Teams・SharePoint管理者向け導入サポート', 'CCPMベーシックコース']"
"['Schooビジネスプラン', 'Winning Together 外国人向け']"
"['Schooビジネスプラン', 'あしたのクラウドHR', 'あしたのチーム', 'Allgrow', 'Goodjob!', 'リーダーのための4つの本質的な役割']"
"['Schooビジネスプラン', 'フォロワーシップ力強化トレーニング', 'TechAcademy']"
"['Schooビジネスプラン', 'ウツ会議']"
"['Schooビジネスプラン', 'チャネルトーク', 'ヘルピング・クライアンツ・サクシード']"
"['Schooビジネスプラン', 'マネジメント力強化トレーニング', '7つのマネジメントスキルトレーニング', '最強組織シリーズ', 'Bizer team', 'プロジェクトマネジメント・エッセンシャル', '1on1 Talk', 'CCPMベーシックコース']"
"['Schooビジネスプラン', 'あしたのクラウドHR', 'あしたのチーム', 'Giftedのビジネスマナー講座', 'ディスカバリー']"
"['Schooビジネスプラン', 'ビジョナリー・ウーマン', 'システナ トレーニングサービス']"
"['Schooビジネスプラン', 'プラスワンリサーチの新型コロナ対策支援', 'アラームボックス モニタリング', 'サーキュレーション', 'スピード・オブ・トラスト リーダー', 'CCPMベーシックコース']"
"['Schooビジネスプラン', 'あしたのクラウドHR', 'あしたのチーム', 'RPAロボパットDX', 'チームPDCAシリーズ', '7つの習慣®Innovative Mind研修', '7つの習慣®︎マネージャー', 'Microsoft Teams・SharePoint管理者向け導入サポート', 'CCPMベーシックコース']"
"['Schooビジネスプラン', 'フォロワーシップ力強化トレーニング', 'TechAcademy']"
"['Schooビジネスプラン', 'あしたのクラウドHR', 'あしたのチーム', 'Giftedのビジネスマナー講座', 'ディスカバリー']"
"['Schooビジネスプラン', 'TechAcademy', 'CCPMベーシックコース']"
"['Schooビジネスプラン', '営業ゲーム', '戦略的営業強化研修', 'ソリューション営業強化研修', '業績マネジメント研修', '営業プロセス標準化', 'オーダーメイドの営業研修', 'EGG']"
"['Schooビジネスプラン', 'KARTE', 'プラスワンリサーチのWEBアンケート作成', 'Fastask', 'hPocketWorkMate', 'バーコードプロモーション', 'プラスワンリサーチのアンケート入力＆集計', 'Sprint', 'Dr.CMO', 'ディーテラーのデジタルマーケティングコンサルティング', 'ebook5', 'CCPMベーシックコース', 'モニタリングDX']"
"['SmartHR', 'Schooビジネスプラン', 'パンフォーユー・オフィス', 'ジョブカン労務HR', 'オフィスステーション 労務', 'CC-BizMate', 'MOTクラウド勤怠管理システム', '社内研修実施力アップシリーズ', '社内研修実施力アップシリーズ', 'hPocketWorkMate', 'Focus U タイムレコーダー', 'CC-SmartEscort', 'Reworks cloud', 'SAKU-SAKU Testing', 'サイレコ', 'NOC総務アウトソーシングサービス', '勤怠管理システムTimes', 'Scorpio', 'バリューHR\u3000健診結果管理システム', 'バリューHR\u3000特定保健指導サービス']"
"['Schooビジネスプラン', 'チャネルトーク', 'ヘルピング・クライアンツ・サクシード']"
"['Schooビジネスプラン', 'ビジョナリー・ウーマン', 'システナ トレーニングサービス']"
"['Schooビジネスプラン', 'Zoom徹底活用トレーニング', 'コミュニケーション力強化トレーニング', 'ビジネスマナートレーニング', '仕事力強化トレーニング', 'プログレス', 'トライプスの戦略的ソリューション営業', '卓越した生産性向上の秘訣「5つの選択®︎」', 'GIGAスクール構想サポート']"
"['Schooビジネスプラン', 'あしたのクラウドHR', 'あしたのチーム', 'Allgrow', 'Goodjob!', 'リーダーのための4つの本質的な役割']"
"['Schooビジネスプラン', 'マネジメント力強化トレーニング', '7つのマネジメントスキルトレーニング', '最強組織シリーズ', 'Bizer team', 'プロジェクトマネジメント・エッセンシャル', '1on1 Talk', 'CCPMベーシックコース']"
"['Schooビジネスプラン', 'Winning Together 日本人向け', 'Winning Together 外国人向け', 'TOP ESLオンライン英会話', '7つの習慣®︎SIGNATURE EDITION4.0']"
"['Schooビジネスプラン', 'Winning Together 外国人向け']"
"['Schooビジネスプラン', 'ウツ会議']"
"['SmartHR', 'フリーウェイ給与計算', 'JDL IBEX 給与 net2', 'Cells給与', 'マネーフォワード クラウド社会保険', 'LifeMail Voice', 'エムザス', 'マネーフォワード クラウド年末調整']"
"['Backlog', 'Lancers', 'オフィスグリコ', 'オフィスファミマ', 'Blue Jeans', 'fondesk', 'リシテア 就業管理クラウドサービス', 'Sync Up', 'オフィスdeリラックス', 'bento.jp', 'SaasBoard', 'VQSコラボ', 'MORA Video Conference', 'Lifesize', 'mitoco', 'GoQme', 'NOC総務アウトソーシングサービス', 'ジョブカンApps', 'セールスフォース・ドットコム', 'RTmetrics for People Analytics', 'Typetalk', 'おくだけレセプション', 'どこでもSHOWBY', 'クアルトリクス 従業員エクスペリエンス（EX）｜Qualtrics']"
"['Scorpio', 'クアルトリクス 従業員エクスペリエンス（EX）｜Qualtrics']"
"['ラフールサーベイ', 'Motify HR', 'クアルトリクス 従業員エクスペリエンス（EX）｜Qualtrics', 'CUBIC適性検査 TRIUMPH ver.', 'RECOG']"
"['カオナビ', 'Unipos', 'ラフールサーベイ', 'TUNAG', 'プログレス', 'モチベーションクラウド', 'Motify HR', 'インセンティブ・ポイント', 'TSUTAERU', 'クアルトリクス 従業員エクスペリエンス（EX）｜Qualtrics', 'RECOG']"
"['ラフールサーベイ', 'VALTEC WEB MEETING', 'スマート福利厚生', 'クアルトリクス 従業員エクスペリエンス（EX）｜Qualtrics', 'RECOG']"
"['Cornerstone', 'マネジメント力強化トレーニング', '7つのマネジメントスキルトレーニング', '最強組織シリーズ', 'チームPDCAシリーズ', 'スマレビ for 360°', 'クアルトリクス 従業員エクスペリエンス（EX）｜Qualtrics']"
"['Livoo!', 'Platon', 'KnowledgeDeliver', 'eden LMS', 'エムスタ', 'eラーニングマネージャーZ', 'Multiverse', 'BISCUE LS', 'Learning Tracker', 'コミュニケーション力強化トレーニング', 'フォロワーシップ力強化トレーニング', 'ビジネスマナートレーニング', '仕事力強化トレーニング', 'Motify HR', 'KnowledgeC@fe', 'クアルトリクス 従業員エクスペリエンス（EX）｜Qualtrics', 'mentor']"
"['Tech Stars', 'PROsheet', 'Lancers Agent']"
"['Workship ENTERPRISE', 'ITコンシェルジュ', 'PROsheet', 'Lancers Agent', 'PRO×cierge']"
"['POS+ pay', 'JapanWork']"
"['リクルートエージェント', 'パソナキャリア', 'はたらいく', 'Re就活', 'ムービン', 'type転職エージェント', 'とらばーゆ', 'Success Factors Recruiting', 'キャリアジェット', 'Daijob', 'マスメディアン', '第二新卒エージェントneo', 'TalentCloud', 'げんきワーク', 'スマイルSUPPORT介護', 'itk', 'iACTOR!', 'アズール＆カンパニー', 'エムスリーキャリアエージェント', '人材ドラフト', 'エンジニア就活', 'ジャスネットキャリア', 'ブラッシュアップ・ジャパン', 'マップジョブ', 'リーガルブライト', 'ファッショーネ', 'シゴト.in', '広告転職.com', 'フォスターキャリア', 'TACキャリアナビ', '第二新卒エージェント neo', 'クリ博ナビPRO', 'CAREER INDEX', 'クリーデンス', 'Video Interview']"
"['外資就活ドットコム', '理系ナビ', 'クリ博ナビ', 'キャリアパーク', 'type就活エージェント', '名大社 新卒ナビ', 'Goodfind', 'Sniping']"
"['WordPress', 'WIX', 'Jimdo', 'ameba ownd', 'KINOTROPE']"
['バックオフィス「ペーパーレス化」完全ガイド by BOXIL SaaS']
"['インサイドセールス業界レポート2019 by スマートキャンプ', 'インサイドセールス業界レポート2020 by スマートキャンプ']"
"['SaaS業界レポート2020', 'SaaS業界レポート2021速報版']"
['きりんカルテ']
"['GitHub', 'HRMOS採用 SCTX 2019 Session Report', 'Teachme Biz', 'Cacoo', 'inVision', 'Optimizely', 'Bitbucket', 'Evernote', 'Gyazo for Work', 'STORESターミナル', 'CallConnect', 'PayPal', 'SideCI', 'cyzen', 'jmatch.', 'merisis', 'V-SQUARE', 'SKit FLEXi', 'DR-Info', 'HyperCloud', 'VMware Horizon DaaS', 'Clono BizBoard', 'OneSource', 'ごちクル', 'シャショクル', 'SyncSearch', 'SyncAnswer', 'WPS Office', 'KAMIMAGE', 'PolarisGate', 'xoBlos', 'レストランボード', 'アラームボックス モニタリング', 'ラクスル', 'FENCE-Works', 'ECCオンラインレッスン', 'GoQChat', 'BOXIL Ads', 'ProgOffice Enterprise', 'オフィスリンク＋', 'GoQShortener', 'GoQShortenerBusiness', 'モバイル空間統計', 'ebook5', 'Workship MAGAZINE', '予約ルームズ', 'アカリクイベント', 'Lead Brizzy']"
