"['よやくるー', '株式会社イデア・レコード', 'IT/通信/インターネット系', '東京都新宿区西新宿７－８－１０オークラヤビル６階', '174,994,200円（資本準備金含む）', '柏田 康雄', '51～100人', 'https://idearecord.co.jp', '2012年4月', ['GATEモバイルオーダー', 'GATE Reserve']]"
"['ウィルオブ・ワークの電話代行', '株式会社ウィルオブ・ワーク', 'サービス/外食/レジャー系', '東京都新宿区新宿三丁目１番２４号京王新宿三丁目ビル３階', '9,900万円', '告野 崇', '1000人以上', 'https://willof-work.co.jp/', '1997年1月', ['ウィルオブ・ワークの事務派遣サービス', 'ウィルオブ・ワークのRPAサービス（WinActor）']]"
"['BALES', 'スマートキャンプ株式会社', 'IT/通信/インターネット系', '東京都港区三田3-13-16 三田43MTビル13階', '100,000,000円', '古橋 智史', '101～200人', 'https://smartcamp.co.jp/', '2014年6月', ['BOXIL', 'BALES', 'Zoom', 'BOXIL Ads', 'BALES CLOUD', 'インサイドセールス業界レポート2019 by スマートキャンプ', 'BOXIL BIZ DEEP', 'バックオフィス「ペーパーレス化」完全ガイド by BOXIL SaaS', 'Lead Brizzy', 'SaaS業界レポート2020', 'インサイドセールス業界レポート2020 by スマートキャンプ', 'Google Workspace', 'ERPポジショニングマップ by BOXIL SaaS', 'BALES CLOUD', 'SaaS業界レポート2021速報版']]"
"['ネオキャリアの採用アウトソーシング：採用支援（新卒・中途・アルバイト）', '株式会社ネオキャリア', 'コンサルティング・専門サービス', '東京都新宿区西新宿1-22-2 新宿サンエービル2階', '362,384,890円', '西澤\u3000亮一', '1000人以上', '', '2000年11月', []]"
"['アールナインは人事業務のコンサルティング・アウトソーシング', '株式会社アールナイン', 'コンサルティング・専門サービス', '東京都港区虎ノ門1-23-1 虎ノ門ヒルズ７階', '', '', '11～30人', '', '', []]"
"['TARGET', 'Attack株式会社', 'コンサルティング・専門サービス', '東京都品川区北品川5-5-15 大崎ブライトコア4階【SHIP】', '5000000円', '村上 篤志', '2～10人', '', '2016年4月', ['Career Wake']]"
"['1stインタビュー', '株式会社レバロ', 'コンサルティング・専門サービス', '東京都中央区日本橋茅場町１丁目９番２号第一稲村ビル４Ｆ－１４', '500万円', '松本恵一', '2～10人', '', '2018年11月', []]"
"['採用アウトソーシング', '株式会社Take Action', 'コンサルティング・専門サービス', '東京都品川区西五反田７丁目９番５号ＳＧテラス２階', '1,000万円', '成田\u3000靖也', '31～50人', '', '2010年10月', ['THANKS GIFT', 'BEST TEAM']]"
"['クリエイター・IT人材に専門特化した採用戦略・採用活動伴走サービス', '株式会社クリーク･アンド･リバー社', 'マスコミ/広告/デザイン/ゲーム/エンターテイメント系', '東京都港区新橋四丁目１番１号新虎通りＣＯＲＥ', '117,719万円', '井川\u3000幸広', '501～1000人', 'https://www.cri.co.jp', '1990年3月', ['クリエイターエージェンシー（人材紹介）', 'クリエイター・IT人材に専門特化した採用戦略・採用活動伴走サービス', 'クリエイター・IT人材に専門特化した採用戦略・採用活動伴走サービス', 'クリエイター・IT人材に専門特化した採用戦略・採用活動伴走サービス', 'クリエイター・IT人材に専門特化した採用戦略・採用活動伴走サービス', 'クリエイター・IT人材に専門特化した採用戦略・採用活動伴走サービス']]"
"['BALES', 'スマートキャンプ株式会社', 'IT/通信/インターネット系', '東京都港区三田3-13-16 三田43MTビル13階', '100,000,000円', '古橋 智史', '101～200人', 'https://smartcamp.co.jp/', '2014年6月', ['BOXIL', 'BALES', 'Zoom', 'BOXIL Ads', 'BALES CLOUD', 'インサイドセールス業界レポート2019 by スマートキャンプ', 'BOXIL BIZ DEEP', 'バックオフィス「ペーパーレス化」完全ガイド by BOXIL SaaS', 'Lead Brizzy', 'SaaS業界レポート2020', 'インサイドセールス業界レポート2020 by スマートキャンプ', 'Google Workspace', 'ERPポジショニングマップ by BOXIL SaaS', 'BALES CLOUD', 'SaaS業界レポート2021速報版']]"
"['pottos', '株式会社ＯＤＫソリューションズ', 'IT/通信/インターネット系', '大阪府大阪市中央区道修町１－６－７北浜ＭＩＤビル', '6億3,720万円', '勝根秀和', '101～200人', 'https://www.odk.co.jp/', '1963年4月', []]"
"['HiCustomer', 'HiCustomer株式会社', 'IT/通信/インターネット系', '東京都品川区東五反田5丁目21番13号', '', '鈴木大貴', '11～30人', '', '2017年12月', []]"
"['Growwwing', '株式会社ユニリタ', 'IT/通信/インターネット系', '東京都港区港南2-15-1 品川インターシティA棟', '13億3,000万円', '北野\u3000裕行', '201～300人', 'https://www.unirita.co.jp/', '1982年5月', ['LMIS', 'infoScoop x Digital Workforce', 'infoScoop x Digital Workforce']]"
"['Fullstar by Cloud CIRCUS', 'クラウドサーカス株式会社', 'IT/通信/インターネット系', '東京都新宿区西新宿２－３－１\u3000新宿モノリス１９階', '', '', '201～300人', 'https://www.startialab.co.jp/', '', ['BowNow by Cloud CIRCUS', 'AppGoose by Cloud CIRCUS', 'Plusdb by Cloud CIRCUS', 'BlueMonkey by Cloud CIRCUS', 'IZANAI by Cloud CIRCUS']]"
"['CustomerCore', '株式会社リンク', 'IT/通信/インターネット系', '東京都港区北青山 2-14-4-14F', '1,000万円', '岡田 元治', '101～200人', 'https://www.link.co.jp', '1987年11月', []]"
"['リファイドの記事制作代行', '株式会社リファイド', 'IT/通信/インターネット系', '東京都新宿区新宿７丁目２６番７号ビクセル新宿１Ｆ', '999万円', '小枝諭志', '2～10人', 'https://llp.leaf-hide.jp/', '2009年11月', []]"
"['シンプリックのSEO記事作成サービス', '株式会社シンプリック', 'IT/通信/インターネット系', '東京都渋谷区恵比寿4-20-4 恵比寿ガーデンプレイスグラススクエアB1F', '999万円', '谷口 雅敏', '2～10人', 'https://simplique.jp/', '2014年3月', []]"
"['エディトル', '株式会社ウィルゲート', 'IT/通信/インターネット系', '東京都渋谷区渋谷3-12-18渋谷南東急ビル2F', '6000万円', '小島梨揮', '101～200人', '', '2006年6月', ['サグーワークス', 'ウィルゲートのSEOサービス']]"
"['Lancers', 'ランサーズ株式会社', 'IT/通信/インターネット系', '東京都渋谷区渋谷3-10-14 TOKYUREIT渋谷Rビル9FＦ', '2,267,250,681', '秋好 陽介', '101～200人', '', '2008年4月', []]"
"['クラウドテック', '株式会社クラウドワークス', 'IT/通信/インターネット系', '東京都渋谷区恵比寿４－２０－３\u3000恵比寿ガーデンプレイスタワー６階', '26億8,721万円', '吉田\u3000浩一郎', '101～200人', '', '2011年11月', []]"
"['Lancers Assistant', 'ランサーズ株式会社', 'IT/通信/インターネット系', '東京都渋谷区渋谷３丁目１０－１３\u3000ＴＯＫＹＵ\u3000ＲＥＩＴ渋谷Ｒビル\u3000９Ｆ', '1,431百万円（資本準備金を含む）', '秋好 陽介', '101～200人', 'https://www.lancers.co.jp/', '2008年4月', ['Lancers Assistant', 'Lancers Assistant', 'Lancers Assistant']]"
"['BizWorkers', '合同会社KOSKee', 'IT/通信/インターネット系', '北海道札幌市手稲区星置3条6丁目21-10', '1,000,000円', '川北 聡美', '2～10人', 'http://koskee.co.jp/', '2017年4月', ['BizWorkers', 'BizWorkers', 'BizWorkers']]"
"['ベネフィット・ステーション', '株式会社ベネフィット・ワン', 'サービス/外食/レジャー系', '東京都千代田区大手町二丁目６番２号ＪＯＢＨＵＢＳＱＵＡＲＥ９階', '15億27百万円（2021年3月末現在）', '白石徳生', '501～1000人', 'https://corp.benefit-one.co.jp/', '1996年3月', ['インセンティブ・ポイント', 'ハピルス健診代行', 'ベネワン・プラットフォーム', 'ベネワン・プラットフォーム', 'ベネワン・プラットフォーム']]"
"['バリューHR\u3000カフェテリアサービス', '株式会社バリューＨＲ', 'コンサルティング・専門サービス', '東京都渋谷区千駄ヶ谷５－２１－１４バリューＨＲビル', '542,542千円', '藤田 美智雄', '501～1000人', '', '2001年7月', ['バリューHR\u3000健診予約システム', 'バリューHR\u3000健診結果管理システム', 'バリューHR\u3000特定保健指導サービス']]"
"['オフィスdeリラックス', '株式会社イーヤス', 'サービス/外食/レジャー系', '東京都新宿区片町4-4-703', '500万円', '遠藤基平', '31～50人', 'https://www.e-yasu.jp', '2007年2月', []]"
"['スマート福利厚生', 'ソフトバンク株式会社', 'IT/通信/インターネット系', '東京都港区海岸一丁目7番1号', '204,309百万円（2020年3月31日現在）', '宮川 潤一', '1000人以上', '', '1986年12月', []]"
"['プラスワンリサーチのアンケート入力＆集計', 'プラスワンリサーチ株式会社', 'コンサルティング・専門サービス', '東京都渋谷区恵比寿2-28-10shu2534（TEL03-4455-3095）', '500万円', '宍戸泰治', '2～10人', '', '2012年9月', ['プラスワンリサーチのWEBアンケート作成']]"
"['AIよみと～る', '東日本電信電話株式会社', 'IT/通信/インターネット系', '東京都新宿区西新宿3-19-2', '3,350億円', '井上\u3000福造', '1000人以上', '', '1999年7月', ['おまかせサイバーみまもり', 'まるらくオフィス', 'ひかりクラウドPBX']]"
"['BizWorkers', '合同会社KOSKee', 'IT/通信/インターネット系', '北海道札幌市手稲区星置3条6丁目21-10', '1,000,000円', '川北 聡美', '2～10人', 'http://koskee.co.jp/', '2017年4月', ['BizWorkers', 'BizWorkers', 'BizWorkers']]"
"['まるっとお任せEC運営サポート', '日本トータルテレマーケティング株式会社', 'IT/通信/インターネット系', '東京都渋谷区渋谷３丁目１２−１８ 渋谷南東急ビル 3F', '1億円', '森 真吾', '1000人以上', 'https://www.ntm.co.jp/', '1983年9月', ['CX向上コンタクトセンターサービス']]"
"['ECサポートPRO', '株式会社ブランジスタ', 'IT/通信/インターネット系', '福岡県福岡市博多区博多駅前1-4-1-3F', '', '', '51～100人', '', '', []]"
"['STARONLINE合同会社のECコンサルティング', 'STARONLINE合同会社', 'コンサルティング・専門サービス', '東京都品川区中延5-8-11ディアコート202', '1000万円', '巽奈々恵', '2～10人', 'https://staronline.jp/', '2020年5月', []]"
"['BizWorkers', '合同会社KOSKee', 'IT/通信/インターネット系', '北海道札幌市手稲区星置3条6丁目21-10', '1,000,000円', '川北 聡美', '2～10人', 'http://koskee.co.jp/', '2017年4月', ['BizWorkers', 'BizWorkers', 'BizWorkers']]"
"['visasQ', '', '', '', '', '', '', '', '', '']"
"['サーキュレーション', '株式会社サーキュレーション', 'コンサルティング・専門サービス', '東京都渋⾕区神宮前3-21-5\u3000サーキュレーションビル ForPro', '1200万円', '久保田雅俊', '101～200人', '', '2014年1月', []]"
"['i-common', 'パーソルキャリア株式会社', 'コンサルティング・専門サービス', '東京都東京都千代田区丸の内2-4-1 丸の内ビルディング27F', '1,127百万円', '峯尾 太郎', '1000人以上', '', '', ['i-common tech']]"
"['PRODOR', '株式会社東京海上日動キャリアサービス', 'サービス/外食/レジャー系', '東京都新宿区新宿６－２７－３０新宿イーストサイドスクエア６階', '328億円', '田﨑\u3000博道', '501～1000人', 'https://tm-prodor.com', '1984年6月', []]"
"['Mirai Translator®', '株式会社みらい翻訳', 'IT/通信/インターネット系', '東京都渋谷区渋谷二丁目２２番３号渋谷東口ビル２Ｆ', '1億円', '大野 友義', '31～50人', '', '2014年10月', []]"
"['OCiETe', '株式会社オシエテ', 'IT/通信/インターネット系', '東京都渋谷区代々木１丁目２５番５号', '37,925,000円（資本準備金含む）', '榛澤慎太郎', '2～10人', 'https://ociete.co.jp/', '2018年9月', []]"
"['ヤラクゼン', '八楽株式会社', 'IT/通信/インターネット系', '東京都渋谷区千駄ヶ谷5-1-11 IVY WORKS 4F', '100,000,000円（資本準備金含む）', '坂西優', '11～30人', 'https://www.yaraku.com/ja/', '2009年8月', []]"
"['SINIS', 'テテマーチ株式会社', 'IT/通信/インターネット系', '東京都品川区西五反田3-12-14 西五反田プレイス２F', '', '上田\u3000大介', '11～30人', 'http://tetemarche.co.jp/', '2015年6月', ['CAMPiN', 'P-conne']]"
"['SNS運用代行サービス', '株式会社コムニコ', 'マスコミ/広告/デザイン/ゲーム/エンターテイメント系', '東京都〒104-0045東京都中央区築地4-1-1 東劇ビル2階', '18,000,000', '林 雅之', '51～100人', 'https://www.comnico.jp/', '2008年11月', []]"
"['BizWorkers', '合同会社KOSKee', 'IT/通信/インターネット系', '北海道札幌市手稲区星置3条6丁目21-10', '1,000,000円', '川北 聡美', '2～10人', 'http://koskee.co.jp/', '2017年4月', ['BizWorkers', 'BizWorkers', 'BizWorkers']]"
"['CLOVA OCR', 'LINE株式会社', 'IT/通信/インターネット系', '東京都新宿区四谷一丁目6番1号 四谷タワー23階', '96,737百万円', '出澤 剛', '1000人以上', '', '2000年9月', ['CLOVA Chatbot', 'CLOVA OCR', 'LINE AiCall', 'LINE eKYC']]"
"['X-log', '', '', '', '', '', '', '', '', '']"
"['THREe', '株式会社ロックオン', 'IT/通信/インターネット系', '東京都中央区銀座5-9-8 クロス銀座6F', '27,628万円（2016年9月30日現在）', '岩田進', '51～100人', '', '2000年6月', []]"
"['glad cube', '', '', '', '', '', '', '', '', '']"
"['ASUE', '', '', '', '', '', '', '', '', '']"
"['TRYFUNDS WEB MARKETING', '株式会社Tryfunds', 'コンサルティング・専門サービス', '東京都港区芝3丁目1番14号 芝公園阪神ビル5階', '1億5,828万円', '丹野裕介', '31～50人', '', '2012年9月', ['TRYFUNDS MARKETING', 'TRYFUNDS HR', 'TRYFUNDS TECHNOLOGY']]"
"['株式会社リスティングプラス', '株式会社リスティングプラス', 'コンサルティング・専門サービス', '東京都新宿区西新宿6‐24‐1\u3000西新宿三井ビルディング4階', '1000万円', '長橋\u3000真吾', '51～100人', '', '2011年7月', []]"
"['Kazakami Digital Direct', 'フラグマン株式会社', 'マスコミ/広告/デザイン/ゲーム/エンターテイメント系', '東京都世田谷区代沢四丁目4番3号', '1000万円', '山 紘二・竹内 翔・奥山洋平', '2～10人', '', '2018年10月', ['Kazakami Digital Direct', 'Kazakami TV', 'Kazakami Digital Branding', 'Kazakami Creative']]"
"['FICS', 'シエンプレ株式会社', 'IT/通信/インターネット系', '東京都渋谷区神南1-19-14 クリスタルポイントビル 2F', '非公開', '佐々木寿郎', '51～100人', 'https://www.siemple.co.jp/', '2008年10月', ['シエンプレのデジタル・クライシス対策', '炎上保険', 'モニタリングDX']]"
"['AutoStream', '株式会社ＦＬＵＸ', 'マスコミ/広告/デザイン/ゲーム/エンターテイメント系', '東京都渋谷区渋谷3－1－1渋谷PMOII', '2000万円', '永井元治', '51～100人', 'https://flux-g.com/', '2018年5月', ['AutoStream', 'AutoStream', 'AutoStream', 'AutoStream']]"
"['グローバルマーケティングのリスティング広告', '株式会社グローバルマーケティング', 'マスコミ/広告/デザイン/ゲーム/エンターテイメント系', '東京都渋谷区代々木1-21-12 ヤマノ26ビル3階B号室', '300万円', '左子\u3000義則', '2～10人', 'https://gl-marketing.co.jp/', '2020年3月', [""info'z DSP""]]"
"['SPinno', '株式会社SPinno', 'IT/通信/インターネット系', '東京都', '', '', '101～200人', '', '', []]"
"['glu', '', '', '', '', '', '', '', '', '']"
"['Marketia', '', '', '', '', '', '', '', '', '']"
"['Bypass', '', '', '', '', '', '', '', '', '']"
"['Vasta', 'バリュークリエーション株式会社', 'IT/通信/インターネット系', '東京都渋谷区恵比寿1-21-10えびすアシスト4F', '', '', '31～50人', '', '', []]"
"['AdFlow Banner Pool', '株式会社クリエイターズマッチ', 'IT/通信/インターネット系', '東京都千代田区内幸町一丁目1番6号\u3000NTT日比谷ビル９階', '146,000,009円', '呉 京樹', '31～50人', '', '2007年8月', ['AdFlow']]"
"['ATOM', 'SO Technologies株式会社', 'IT/通信/インターネット系', '東京都千代田区神田駿河台三丁目4番地\u3000龍名館本店ビル4階', '4,500万円', '山家\u3000秀一', '51～100人', 'http://www.techloco.co.jp/', '2013年4月', []]"
"['Whatagraph', '株式会社ギャプライズ', 'IT/通信/インターネット系', '東京都新宿区西新宿２丁目４番１号新宿ＮＳビル６Ｆ', '20,000,000円', '甲斐 亮之', '51～100人', 'https://www.gaprise.com/', '2005年1月', ['monday.com', 'Powtoon', 'alli', 'sisense']]"
"['A8.net', '', '', '', '', '', '', '', '', '']"
"['楽天LINKSHARE', '', '', '', '', '', '', '', '', '']"
"['valuecommerce', '', '', '', '', '', '', '', '', '']"
"['マネートラック', '株式会社マネートラック', 'IT/通信/インターネット系', '海外7 Keppel Road, Tanjong Pagar Complex, #02-04/04A/05, Singapore 089053', '', '', '2～10人', '', '2014年11月', []]"
"['i-mobile Affiliate', '株式会社アイモバイル', 'IT/通信/インターネット系', '東京都渋谷区桜丘町22－14\u3000NESビル2階', '112百万円', '野口\u3000哲也', '201～300人', '', '2007年8月', ['アイモバイルアドネットワーク', 'maio', 'アイモバイルアドネットワーク']]"
"['Kazakami Digital Direct', 'フラグマン株式会社', 'マスコミ/広告/デザイン/ゲーム/エンターテイメント系', '東京都世田谷区代沢四丁目4番3号', '1000万円', '山 紘二・竹内 翔・奥山洋平', '2～10人', '', '2018年10月', ['Kazakami Digital Direct', 'Kazakami TV', 'Kazakami Digital Branding', 'Kazakami Creative']]"
"['AutoStream', '株式会社ＦＬＵＸ', 'マスコミ/広告/デザイン/ゲーム/エンターテイメント系', '東京都渋谷区渋谷3－1－1渋谷PMOII', '2000万円', '永井元治', '51～100人', 'https://flux-g.com/', '2018年5月', ['AutoStream', 'AutoStream', 'AutoStream', 'AutoStream']]"
"['Video BRAIN', '株式会社オープンエイト', 'IT/通信/インターネット系', '東京都東京都渋谷区桜丘町20-1\u3000渋谷インフォスタワー19階', '', '髙松 雄康', '51～100人', '', '', []]"
"['maio', '株式会社アイモバイル', 'IT/通信/インターネット系', '東京都渋谷区桜丘町22－14\u3000NESビル2階', '112百万円', '野口\u3000哲也', '201～300人', '', '2007年8月', ['アイモバイルアドネットワーク', 'i-mobile Affiliate', 'アイモバイルアドネットワーク']]"
"['Next Frontier', 'Next Frontier', 'IT/通信/インターネット系', '東京都渋谷区渋谷3-3-10-301', '', '', '11～30人', '', '2015年', []]"
"['アイモバイルアドネットワーク', '株式会社アイモバイル', 'IT/通信/インターネット系', '東京都渋谷区桜丘町22－14\u3000NESビル2階', '112百万円', '野口\u3000哲也', '201～300人', '', '2007年8月', ['アイモバイルアドネットワーク', 'i-mobile Affiliate', 'maio']]"
"['VIDEO TAP', '', '', '', '', '', '', '', '', '']"
"['CMerTV', '', '', '', '', '', '', '', '', '']"
"['Vmail', 'ピーシーフェーズ株式会社', 'IT/通信/インターネット系', '東京都渋谷区神宮前6-19-20 第15荒井ビル2F', '190,620,000円', '吉田 和弘', '51～100人', 'https://www.pcp.co.jp/', '1998年10月', ['Vcampaign', 'LoBoT', 'shouin＋']]"
"['BitStar', '株式会社Bizcast', 'マスコミ/広告/デザイン/ゲーム/エンターテイメント系', '東京都渋谷区桜丘町8－17 シャレ―渋谷A棟803号室', '', '渡邉拓', '31～50人', '', '2014年7月', []]"
"['Vcampaign', 'ピーシーフェーズ株式会社', 'IT/通信/インターネット系', '東京都渋谷区神宮前6-19-20 第15荒井ビル2F', '190,620,000円', '吉田 和弘', '51～100人', 'https://www.pcp.co.jp/', '1998年10月', ['Vmail', 'LoBoT', 'shouin＋']]"
"['ムビラボ', '株式会社フラッグシップオーケストラ', 'IT/通信/インターネット系', '東京都品川区西五反田7-22-17 TOCビル11F', '250万円', '大澤\u3000穂高', '31～50人', 'https://www.fragor.co.jp/', '2014年4月', []]"
"['カチっとムービー！', '株式会社カチコ', 'IT/通信/インターネット系', '東京都渋谷区元代々木町30-13 ONEST元代々木スクエア', '5000万円', '深澤\u3000智史', '11～30人', '', '2018年8月', []]"
"['Shibuya Movie', '株式会社ジャシック （MEGA.Group）', 'コンサルティング・専門サービス', '東京都渋谷区道玄坂１－１２－１渋谷マークシティウエスト１４階', '', '', '301～500人', '', '', []]"
"['Kazakami TV', 'フラグマン株式会社', 'マスコミ/広告/デザイン/ゲーム/エンターテイメント系', '東京都世田谷区代沢四丁目4番3号', '1000万円', '山 紘二・竹内 翔・奥山洋平', '2～10人', '', '2018年10月', ['Kazakami Digital Direct', 'Kazakami Digital Direct', 'Kazakami Digital Branding', 'Kazakami Creative']]"
"['BOXIL BIZ DEEP', 'スマートキャンプ株式会社', 'IT/通信/インターネット系', '東京都港区三田3-13-16 三田43MTビル13階', '100,000,000円', '古橋 智史', '101～200人', 'https://smartcamp.co.jp/', '2014年6月', ['BOXIL', 'BALES', 'Zoom', 'BOXIL Ads', 'BALES CLOUD', 'インサイドセールス業界レポート2019 by スマートキャンプ', 'バックオフィス「ペーパーレス化」完全ガイド by BOXIL SaaS', 'Lead Brizzy', 'SaaS業界レポート2020', 'インサイドセールス業界レポート2020 by スマートキャンプ', 'Google Workspace', 'ERPポジショニングマップ by BOXIL SaaS', 'BALES CLOUD', 'SaaS業界レポート2021速報版']]"
"['他社でコンバージョンしたユーザーのキーワードデータを活用したYouTube広告パッケージ', '株式会社ヴァリューズ', 'コンサルティング・専門サービス', '東京都港区赤坂2-19-4 FORUM赤坂 5F', '100000000円', '辻本秀幸', '51～100人', '', '2009年9月', ['eMark+', 'Dockpit', 'Dockpit', 'Dockpit', 'eMark+', 'eMark+']]"
"['fam∞', '株式会社フィング', 'IT/通信/インターネット系', '東京都杉並区高円寺北２－２２－１ＣＯＮＣＯＲＤ高円寺ビル２Ｆ', '9500万円', '饗庭 真也', '31～50人', 'https://www.f-ing.co.jp/', '2013年7月', []]"
"['エレファントストーン', '株式会社エレファントストーン', 'マスコミ/広告/デザイン/ゲーム/エンターテイメント系', '東京都渋谷区猿楽町２－１アベニューサイド代官山', '1000万円', '鶴目 和孝', '31～50人', 'https://elephantstone.net/', '2011年4月', []]"
"['株式会社フォーズン', '株式会社フォーズン', 'マスコミ/広告/デザイン/ゲーム/エンターテイメント系', '東京都新宿区西新宿１丁目５番１２号ニューセントラルビル９階', '300', '松隆 祐也', '2～10人', 'https://foursons.co.jp/', '2021年4月', []]"
"['VIDWEB（ビッドウェブ）の動画制作＆動画広告サービス', '株式会社VIDWEB（ビッドウェブ）', 'IT/通信/インターネット系', '東京都港区新橋1丁目18番21号 第一日比谷ビル', '1000万円', '山畑\u3000達也', '11～30人', 'https://vidweb.co.jp/', '2018年9月', []]"
"['MicroAd BLADE', '', '', '', '', '', '', '', '', '']"
"['Logicad', '', '', '', '', '', '', '', '', '']"
"['おもてなしバナー', '', '', '', '', '', '', '', '', '']"
"['Crossmedia', 'NTTドコモ', 'IT/通信/インターネット系', '東京都千代田区永田町2丁目11番1号山王パークタワー', '', '', '1000人以上', '', '', ['Repl-AI', 'ecコンシェル', 'ドコモ・クラウドパッケージ']]"
"['AutoStream', '株式会社ＦＬＵＸ', 'マスコミ/広告/デザイン/ゲーム/エンターテイメント系', '東京都渋谷区渋谷3－1－1渋谷PMOII', '2000万円', '永井元治', '51～100人', 'https://flux-g.com/', '2018年5月', ['AutoStream', 'AutoStream', 'AutoStream', 'AutoStream']]"
"[""info'z DSP"", '株式会社グローバルマーケティング', 'マスコミ/広告/デザイン/ゲーム/エンターテイメント系', '東京都渋谷区代々木1-21-12 ヤマノ26ビル3階B号室', '300万円', '左子\u3000義則', '2～10人', 'https://gl-marketing.co.jp/', '2020年3月', ['グローバルマーケティングのリスティング広告']]"
"['nend', '', '', '', '', '', '', '', '', '']"
"['SniperAd', '株式会社リンクフォース', 'IT/通信/インターネット系', '東京都豊島区北大塚2-10-5\u3000北大塚BMAビル４F', '995万円', '馬淵\u3000啓仁', '11～30人', 'http://www.linkforce.co.jp/', '2007年4月', []]"
"['BLADE Hunt', '株式会社マイクロアド', 'IT/通信/インターネット系', '東京都', '', '', '101～200人', '', '', []]"
"['アイモバイルアドネットワーク', '株式会社アイモバイル', 'IT/通信/インターネット系', '東京都渋谷区桜丘町22－14\u3000NESビル2階', '112百万円', '野口\u3000哲也', '201～300人', '', '2007年8月', ['i-mobile Affiliate', 'maio', 'アイモバイルアドネットワーク']]"
"['Sherpa', '', '', '', '', '', '', '', '', '']"
"['Kazakami Digital Branding', 'フラグマン株式会社', 'マスコミ/広告/デザイン/ゲーム/エンターテイメント系', '東京都世田谷区代沢四丁目4番3号', '1000万円', '山 紘二・竹内 翔・奥山洋平', '2～10人', '', '2018年10月', ['Kazakami Digital Direct', 'Kazakami Digital Direct', 'Kazakami TV', 'Kazakami Creative']]"
"['AutoStream', '株式会社ＦＬＵＸ', 'マスコミ/広告/デザイン/ゲーム/エンターテイメント系', '東京都渋谷区渋谷3－1－1渋谷PMOII', '2000万円', '永井元治', '51～100人', 'https://flux-g.com/', '2018年5月', ['AutoStream', 'AutoStream', 'AutoStream', 'AutoStream']]"
"['UNIMEDIA リワードウォール', '', '', '', '', '', '', '', '', '']"
"['popIn', '', '', '', '', '', '', '', '', '']"
"['fluct', '', '', '', '', '', '', '', '', '']"
"['Zucks', '', '', '', '', '', '', '', '', '']"
"['AutoStream', '株式会社ＦＬＵＸ', 'マスコミ/広告/デザイン/ゲーム/エンターテイメント系', '東京都渋谷区渋谷3－1－1渋谷PMOII', '2000万円', '永井元治', '51～100人', 'https://flux-g.com/', '2018年5月', ['AutoStream', 'AutoStream', 'AutoStream', 'AutoStream']]"
"['VR PARTNERS', '株式会社360Channel', 'IT/通信/インターネット系', '東京都渋谷区恵比寿4-20-3恵比寿ガーデンプレイスタワー11階', '7億円（資本準備金含む）', '中島 健登', '11～30人', '', '2015年11月', []]"
"['GuruVR', '株式会社ジョリーグッド', 'IT/通信/インターネット系', '東京都中央区日本橋堀留町１－８－１１人形町スクエア３Ｆ', '', '', '31～50人', '', '', []]"
"['Kazakami Creative', 'フラグマン株式会社', 'マスコミ/広告/デザイン/ゲーム/エンターテイメント系', '東京都世田谷区代沢四丁目4番3号', '1000万円', '山 紘二・竹内 翔・奥山洋平', '2～10人', '', '2018年10月', ['Kazakami Digital Direct', 'Kazakami Digital Direct', 'Kazakami TV', 'Kazakami Digital Branding']]"
"['okunote', '株式会社ｏｋｕｎｏｔｅ', 'コンサルティング・専門サービス', '東京都渋谷区桜丘町２３番１７号シティコート桜丘４０８', '400万円', '田谷野 貴正', '2～10人', '', '2019年3月', []]"
"['Picky-Pics', '', '', '', '', '', '', '', '', '']"
"['ZenFotomatic', 'グラムス株式会社', 'IT/通信/インターネット系', '大阪府堺市堺区市之町東5-2-11 堺グリーンプラザ3F', '900', '三浦 大助', '2～10人', '', '2010年6月', []]"
"['Crevo', 'Crevo株式会社', 'IT/通信/インターネット系', '東京都東京都目黒区中目黒2-10-15フロンティア中目黒3F', '100,000千円', '柴田 憲佑', '31～50人', '', '2012年6月', []]"
"['LOCUS', '', '', '', '', '', '', '', '', '']"
"['G-angle', '', '', '', '', '', '', '', '', '']"
"['video valley', '', '', '', '', '', '', '', '', '']"
"['NHKクリエイティブ・ライブラリー', '', '', '', '', '', '', '', '', '']"
"['QuickMov', '', '', '', '', '', '', '', '', '']"
"['ELEPHANT STONE', '', '', '', '', '', '', '', '', '']"
"['GEO IMAGE WORKS', '', '', '', '', '', '', '', '', '']"
"['DroneAgent', '株式会社FLIGHTS', 'IT/通信/インターネット系', '東京都港区六本木4-11-4', '300万円', '峠下周平', '2～10人', '', '2016年2月', []]"
"['W2Mクラウド', '', '', '', '', '', '', '', '', '']"
"['Borderless', '', '', '', '', '', '', '', '', '']"
"['j movista', '', '', '', '', '', '', '', '', '']"
"['MOBERCIAL', '', '', '', '', '', '', '', '', '']"
"['Wonder Graphics', '', '', '', '', '', '', '', '', '']"
"['PROOX', '', '', '', '', '', '', '', '', '']"
"['UGOKIE', '', '', '', '', '', '', '', '', '']"
"['EITEN-Works', '', '', '', '', '', '', '', '', '']"
"['ARTTV', '', '', '', '', '', '', '', '', '']"
"['CPS放送制作', '', '', '', '', '', '', '', '', '']"
"['Spotlight Movie', '', '', '', '', '', '', '', '', '']"
"['FilmBranding', '', '', '', '', '', '', '', '', '']"
"['TV COOP', '', '', '', '', '', '', '', '', '']"
"['DIGINFO', '', '', '', '', '', '', '', '', '']"
"['CRESCO', '', '', '', '', '', '', '', '', '']"
"['CM STUDIO', '株式会社スプラシア', 'IT/通信/インターネット系', '東京都中央区築地1-13-14', '9,975万円', '中島\u3000優太', '11～30人', 'https://www.sprasia.co.jp/', '2007年8月', ['Anky', 'EXPOLINE']]"
"['GoQMovie', '株式会社GoQSystem', 'IT/通信/インターネット系', '東京都中央区京橋1丁目6-12-5F', '950万円', '藤本卓治', '11～30人', '', '2009年2月', ['GoQSystem', 'GoQSmile', 'GoQ採用管理', 'GoQMieruca', 'GoQChat', 'GoQme', 'GoQShortener', 'GoQShortenerBusiness']]"
"['ムビハピ', '株式会社アジアピクチャーズエンタテインメント', 'IT/通信/インターネット系', '東京都港区芝浦3-9-1 芝浦ルネサイトタワー2F', '7880万円', '上野 由洋', '51～100人', 'https://apie.jp/', '2013年10月', []]"
"['GrandpaGraphics', '株式会社GrandpaGraphics', 'IT/通信/インターネット系', '東京都目黒区上目黒2丁目8-9-203', '2000万', '藤澤 浩士', '2～10人', '', '2017年1月', []]"
"['SoVeC Smart Video', 'ＳｏＶｅＣ株式会社', 'コンサルティング・専門サービス', '東京都品川区東品川４丁目１２番３号', '200,000,000円', '上川衛', '31～50人', 'https://www.sovec.net/', '2019年', []]"
"['Videomaker', 'Inmagine123RF株式会社', 'IT/通信/インターネット系', '東京都江東区有明3-7-26 有明フロンティアビルB棟9F', '', '', '201～300人', '', '', []]"
"['Powtoon', '株式会社ギャプライズ', 'IT/通信/インターネット系', '東京都新宿区西新宿２丁目４番１号新宿ＮＳビル６Ｆ', '20,000,000円', '甲斐 亮之', '51～100人', 'https://www.gaprise.com/', '2005年1月', ['monday.com', 'Whatagraph', 'alli', 'sisense']]"
"['photolibrary', '', '', '', '', '', '', '', '', '']"
"['スナップマート', 'スナップマート株式会社', 'IT/通信/インターネット系', '東京都渋谷区渋谷三丁目3-5 NBF渋谷イースト７階', '', '岡\u3000洋介', '11～30人', 'https://snapmart.co.jp/', '2016年6月', []]"
"['Webサイトパートナー', 'ホワットエバーパートナーズ株式会社', 'IT/通信/インターネット系', '東京都千代田区三崎町2-12-7静山ビル4F', '', '渡沢農', '2～10人', '', '2011年4月', ['100人アンケート']]"
"['トコトン', '株式会社フォノグラム', 'IT/通信/インターネット系', '広島県広島県広島市中区西十日市町9-9-5F', '500', '河﨑文江', '31～50人', 'http://www.phonogram.co.jp/', '2003年2月', []]"
"['ディーテラーのデジタルマーケティングコンサルティング', 'ディーテラー株式会社', 'コンサルティング・専門サービス', '東京都港区浜松町2-2-15', '広瀬信輔', '740万円', '2～10人', '', '2017年7月', ['DeeBoard']]"
"['さぶみっと！レコメンド', '', '', '', '', '', '', '', '', '']"
"['おてがるレコメンド', '', '', '', '', '', '', '', '', '']"
"['パーソナライズド・レコメンダー', '', '', '', '', '', '', '', '', '']"
"['チームラボレコメンデーション', '', '', '', '', '', '', '', '', '']"
"['EC RECOMMENDER', '', '', '', '', '', '', '', '', '']"
"['Logreco', '', '', '', '', '', '', '', '', '']"
"['楽レコ', '', '', '', '', '', '', '', '', '']"
"['ZETA RECOMMEND', '', '', '', '', '', '', '', '', '']"
"['Suggest AI', '株式会社サイト・パブリス', 'IT/通信/インターネット系', '東京都千代田区霞が関3-2-6 東京倶楽部ビルディング5F', '', '䔥 敬如', '11～30人', 'https://www.sitepublis.net/', '', ['SITE PUBLIS', 'MANEKU', 'TSUTAERU', 'MediaPack', '【BOXILEXPO】株式会社サイト・パブリス_TUSTAERU']]"
"['EC Intelligence', '株式会社シナブル', 'IT/通信/インターネット系', '東京都豊島区池袋２丁目６１－８アゼリア青新ビル３０３号', '', '小林 裕紀', '2～10人', 'https://www.scinable.com', '2014年6月', ['EC Intelligence', 'EC Intelligence', 'EC Intelligence']]"
"['InfoBee', '', '', '', '', '', '', '', '', '']"
"['ZERO ZONE SEARCH', '', '', '', '', '', '', '', '', '']"
"['Froglet', '', '', '', '', '', '', '', '', '']"
"['Accela BizSearch ASP', '', '', '', '', '', '', '', '', '']"
"['MARS FINDER', '', '', '', '', '', '', '', '', '']"
"['i-search', '', '', '', '', '', '', '', '', '']"
"['Advantage Search', '', '', '', '', '', '', '', '', '']"
"['probo', '', '', '', '', '', '', '', '', '']"
"['Sagroonga', '株式会社セナネットワークス', 'IT/通信/インターネット系', '大阪府大阪市北区東天満1-11-13', '950万円', '山下\u3000大介', '11～30人', 'https://www.sena-networks.co.jp', '2012年8月', ['Reclip', 'Naoshite']]"
"['外資就活ドットコム', '', '', '', '', '', '', '', '', '']"
"['アカリク', '株式会社アカリク', 'コンサルティング・専門サービス', '東京都渋谷区渋谷2-1-5 青山第一田中ビル2F', '1億1500万円', '代表取締役\u3000山田 諒', '51～100人', 'https://biz.acaric.jp/', '2010年5月', ['アカリクイベント']]"
"['理系ナビ', '', '', '', '', '', '', '', '', '']"
"['クリ博ナビ', '', '', '', '', '', '', '', '', '']"
"['キャリアパーク', '', '', '', '', '', '', '', '', '']"
"['キミスカ', '株式会社グローアップ', 'IT/通信/インターネット系', '東京都東京都新宿区西新宿1-18-2 晴花ビル4F', '5487万5000円', '仲真 良広', '51～100人', '', '2008年2月', []]"
"['名大社 新卒ナビ', '', '', '', '', '', '', '', '', '']"
"['Goodfind', '', '', '', '', '', '', '', '', '']"
"['READY TO FASHION', '株式会社READY TO FASHION', 'IT/通信/インターネット系', '東京都東京都渋谷区代官山町14−24 ワイエム代官山 4･5F', '3010万円', '高野 聡司', '11～30人', '', '2016年11月', []]"
"['Smartthon', '株式会社ｐｒｄ', 'IT/通信/インターネット系', '東京都品川区小山３丁目２１番１０号ＡＲＫ２１・武蔵小山２Ｆ２号室', '8,000,000円', '金子 貴載', '11～30人', '', '2018年4月', []]"
"['OpenWorkリクルーティング（新卒）', 'オープンワーク株式会社', 'IT/通信/インターネット系', '東京都東京都渋谷区渋谷2-24-12渋谷スクランブルスクエア39階', '6億4934万円', '代表取締役\u3000大澤 陽樹', '51～100人', 'https://www.vorkers.com/recruiting', '2007年6月', ['OpenWorkリクルーティング （中途）']]"
"['JOB', '株式会社アルバイトタイムス', 'IT/通信/インターネット系', '東京都千代田区神田富山町５－１神田ビジネスキューブ７Ｆ', '4億5,599万円', '堀田\u3000欣弘', '101～200人', 'https://www.atimes.co.jp/', '1973年10月', ['ワガシャ de DOMO', 'JOB']]"
"['ViViViT', '株式会社ビビビット', 'マスコミ/広告/デザイン/ゲーム/エンターテイメント系', '東京都新宿区西新宿8-17-1 住友不動産新宿グランドタワー 27F', '2,500万円', '小宮 大地', '11～30人', 'https://vivivit.co.jp/', '2013年10月', []]"
"['type就活エージェント', '', '', '', '', '', '', '', '', '']"
"['LabBase', '株式会社POL', 'IT/通信/インターネット系', '東京都中央区日本橋大伝馬町1-7 日本橋ノースプレイス3F', '', '', '31～50人', '', '', []]"
"['Sniping', '', '', '', '', '', '', '', '', '']"
"['キャリセン就活エージェント', 'シンクトワイス株式会社', 'サービス/外食/レジャー系', '東京都港区赤坂4-8-14\u3000赤坂坂東ビルディング5階', '1,000万円', '猪俣知明', '51～100人', '', '2009年3月', []]"
"['Career Select', '株式会社ローカルイノベーション', 'コンサルティング・専門サービス', '東京都千代田区神田神保町2-12-3\u3000安富ビル6F', '', '', '11～30人', '', '', []]"
"['サポーターズ', '株式会社サポーターズ', 'IT/通信/インターネット系', '東京都渋谷区道玄坂1-21-1 渋谷ソラスタ15F', '', '楓 博光', '31～50人', '', '2012年4月', []]"
"['テックキャンプ', '株式会社ｄｉｖ', 'サービス/外食/レジャー系', '東京都渋谷区神南１丁目１２－１６アジアビル８Ｆ', '3億2,595万円 （2019年4月末時点）', '真子 就有', '201～300人', '', '2012年3月', []]"
"['paiza 新卒', 'paiza株式会社', 'IT/通信/インターネット系', '東京都港区北青山3-3-5\u3000東京建物青山ビル5F', '3億5,060万円', '片山 良平', '51～100人', '', '2012年2月', ['paiza 転職']]"
"['Smartthon', '株式会社ｐｒｄ', 'IT/通信/インターネット系', '東京都品川区小山３丁目２１番１０号ＡＲＫ２１・武蔵小山２Ｆ２号室', '8,000,000円', '金子 貴載', '11～30人', '', '2018年4月', ['Smartthon']]"
"['ASEAN CAREER', 'NODE株式会社', 'コンサルティング・専門サービス', '東京都新宿区新宿1-34-15', '8704000', '渡邉\u3000健太', '2～10人', '', '2014年3月', []]"
"['地方のミカタ', '株式会社地方のミカタ', 'コンサルティング・専門サービス', '東京都', '', '', '2～10人', '', '', []]"
"['BIZREACH', '株式会社ビズリーチ', 'IT/通信/インターネット系', '東京都渋谷区渋谷2-15-1 渋谷クロスタワー16階', '1億3000万円', '多田 洋祐', '1000人以上', '', '2009年', ['BIZREACH', 'キャリトレ']]"
"['リクルートエージェント', '', '', '', '', '', '', '', '', '']"
"['doda', '株式会社ネオキャリア', 'コンサルティング・専門サービス', '東京都新宿区西新宿1-22-2', '', '', '1000人以上', '', '', ['Green', '@type', '女の転職@type', 'キャリアクロス', 'イーキャリア']]"
"['はたらいく', '', '', '', '', '', '', '', '', '']"
"['キャリトレ', '株式会社ビズリーチ', 'IT/通信/インターネット系', '東京都渋谷区渋谷2-15-1 渋谷クロスタワー16階', '1億3000万円', '多田 洋祐', '1000人以上', '', '2009年', ['BIZREACH', 'キャリトレ']]"
"['Re就活', '', '', '', '', '', '', '', '', '']"
"['Find Job!', '株式会社ミクシィ・リクルートメント', 'IT/通信/インターネット系', '東京都渋谷区渋谷2-24-12 渋谷スクランブルスクエア 36F', '1,000万円', '岨中 健太', '11～30人', 'https://www.mixi-recruitment.co.jp/', '2011年4月', []]"
"['イーキャリア', '株式会社ネオキャリア', 'コンサルティング・専門サービス', '東京都新宿区西新宿1-22-2', '', '', '1000人以上', '', '', ['Green', '@type', '女の転職@type', 'doda', 'キャリアクロス']]"
"['type転職エージェント', '', '', '', '', '', '', '', '', '']"
"['@type', '株式会社ネオキャリア', 'コンサルティング・専門サービス', '東京都新宿区西新宿1-22-2', '', '', '1000人以上', '', '', ['Green', '女の転職@type', 'doda', 'キャリアクロス', 'イーキャリア']]"
"['女の転職@type', '株式会社ネオキャリア', 'コンサルティング・専門サービス', '東京都新宿区西新宿1-22-2', '', '', '1000人以上', '', '', ['Green', '@type', 'doda', 'キャリアクロス', 'イーキャリア']]"
"['とらばーゆ', '', '', '', '', '', '', '', '', '']"
"['キャリアジェット', '', '', '', '', '', '', '', '', '']"
"['Daijob', '', '', '', '', '', '', '', '', '']"
"['マスメディアン', '', '', '', '', '', '', '', '', '']"
"['Workship ENTERPRISE', '株式会社GIG', 'IT/通信/インターネット系', '東京都中央区日本橋浜町1-11-8 ザ・パークレックス日本橋浜町4階', '1億1,190万（資本準備金含む）', '岩上 貴洋', '51～100人', 'https://giginc.co.jp', '2017年4月', ['Wantedly運用代行', 'Workship MAGAZINE', 'GIGのLINEアプリ開発サービス', 'LeadGrid']]"
"['', '', '', '', '', '', '', '', '', '']"
"['OpenWorkリクルーティング （中途）', 'オープンワーク株式会社', 'IT/通信/インターネット系', '東京都東京都渋谷区渋谷2-24-12渋谷スクランブルスクエア39階', '6億4934万円', '代表取締役\u3000大澤 陽樹', '51～100人', 'https://www.vorkers.com/recruiting', '2007年6月', ['OpenWorkリクルーティング（新卒）']]"
"['げんきワーク', '', '', '', '', '', '', '', '', '']"
"['スマイルSUPPORT介護', '', '', '', '', '', '', '', '', '']"
"['iACTOR!', '', '', '', '', '', '', '', '', '']"
"['アズール＆カンパニー', '', '', '', '', '', '', '', '', '']"
"['エムスリーキャリアエージェント', '', '', '', '', '', '', '', '', '']"
"['人材ドラフト', '', '', '', '', '', '', '', '', '']"
"['ジャスネットキャリア', '', '', '', '', '', '', '', '', '']"
"['ブラッシュアップ・ジャパン', '', '', '', '', '', '', '', '', '']"
"['マップジョブ', '', '', '', '', '', '', '', '', '']"
"['シゴト.in', '', '', '', '', '', '', '', '', '']"
"['広告転職.com', '', '', '', '', '', '', '', '', '']"
"['リーガルネット', '', '', '', '', '', '', '', '', '']"
"['TACキャリアナビ', '', '', '', '', '', '', '', '', '']"
"['クリ博ナビPRO', '', '', '', '', '', '', '', '', '']"
"['CAREER INDEX', '', '', '', '', '', '', '', '', '']"
"['クリーデンス', '', '', '', '', '', '', '', '', '']"
"['TRYFUNDS HR', '株式会社Tryfunds', 'コンサルティング・専門サービス', '東京都港区芝3丁目1番14号 芝公園阪神ビル5階', '1億5,828万円', '丹野裕介', '31～50人', '', '2012年9月', ['TRYFUNDS MARKETING', 'TRYFUNDS TECHNOLOGY', 'TRYFUNDS WEB MARKETING']]"
"['Career Wake', 'Attack株式会社', 'コンサルティング・専門サービス', '東京都品川区北品川5-5-15 大崎ブライトコア4階【SHIP】', '5000000円', '村上 篤志', '2～10人', '', '2016年4月', ['TARGET']]"
"['しゅふＪＯＢ', '株式会社ビースタイル メディア', 'IT/通信/インターネット系', '東京都新宿区西新宿6-18-1 住友不動産新宿セントラルパークタワー 32階', '10,000,000円', '小牟田 斉美', '301～500人', 'https://www.bstylegroup.co.jp/corporate/outline-media/', '2002年7月', []]"
"['クリエイター・IT人材に専門特化した採用戦略・採用活動伴走サービス', '株式会社クリーク･アンド･リバー社', 'マスコミ/広告/デザイン/ゲーム/エンターテイメント系', '東京都港区新橋四丁目１番１号新虎通りＣＯＲＥ', '117,719万円', '井川\u3000幸広', '501～1000人', 'https://www.cri.co.jp', '1990年3月', ['クリエイター・IT人材に専門特化した採用戦略・採用活動伴走サービス', 'クリエイターエージェンシー（人材紹介）', 'クリエイター・IT人材に専門特化した採用戦略・採用活動伴走サービス', 'クリエイター・IT人材に専門特化した採用戦略・採用活動伴走サービス', 'クリエイター・IT人材に専門特化した採用戦略・採用活動伴走サービス', 'クリエイター・IT人材に専門特化した採用戦略・採用活動伴走サービス']]"
"['助太刀社員', '株式会社助太刀', 'IT/通信/インターネット系', '東京都渋谷区南平台町２番１７号日交南平台ビル５階', '9000万円', '我妻陽一', '31～50人', 'https://suke-dachi.jp/', '2017年3月', ['助太刀法人プラン', '助太刀法人プラン']]"
"['BIZREACH', '株式会社ビズリーチ', 'IT/通信/インターネット系', '東京都渋谷区渋谷2-15-1 渋谷クロスタワー16階', '1億3000万円', '多田 洋祐', '1000人以上', '', '2009年', ['キャリトレ']]"
"['Green', '株式会社アトラエ', 'IT/通信/インターネット系', '東京都港区三田１－１０－４麻布十番日新ヒﾞル２Ｆ', '', '', '31～50人', '', '', []]"
"['キャリトレ', '株式会社ビズリーチ', 'IT/通信/インターネット系', '東京都渋谷区渋谷2-15-1 渋谷クロスタワー16階', '1億3000万円', '多田 洋祐', '1000人以上', '', '2009年', ['BIZREACH']]"
"['LiBzCAREER', '株式会社リブ', 'IT/通信/インターネット系', '東京都渋谷区桜丘町13-15', '', '松本 洋介', '51～100人', '', '2014年4月', []]"
"['Eight Career Design', 'Sansan株式会社', 'IT/通信/インターネット系', '東京都港区北青山3-6-7 明治安田生命青山パラシオ4F', '43億1250万円（うち資本金 28億1250万円）', '寺田 親弘', '501～1000人', '', '2007年6月', ['Eight 企業向けプレミアム']]"
"['Forkwell採用支援サービス', '株式会社grooves', 'IT/通信/インターネット系', '東京都港区南青山5-4-27 Barbizon104 7F', '223百万円', '池見 幸浩', '31～50人', '', '2004年3月', []]"
"['Green', '株式会社ネオキャリア', 'コンサルティング・専門サービス', '東京都新宿区西新宿1-22-2', '', '', '1000人以上', '', '', ['@type', '女の転職@type', 'doda', 'キャリアクロス', 'イーキャリア']]"
"['PROsheet', 'ランサーズエージェンシー株式会社', 'IT/通信/インターネット系', '東京都渋谷区渋谷２丁目２２−３ 東口ビル 11F', '2,995', '石山 正之', '31～50人', 'https://lancers-agency.co.jp/', '2014年12月', ['PROsheet', 'PROsheet', 'PROsheet', 'Lancers Agent', 'Lancers Agent', 'Lancers Agent', 'Lancers Agent']]"
"['Lancers Agent', 'ランサーズエージェンシー株式会社', 'IT/通信/インターネット系', '東京都渋谷区渋谷２丁目２２−３ 東口ビル 11F', '2,995', '石山 正之', '31～50人', 'https://lancers-agency.co.jp/', '2014年12月', ['PROsheet', 'PROsheet', 'PROsheet', 'PROsheet', 'Lancers Agent', 'Lancers Agent', 'Lancers Agent']]"
"['GLOVER Refer', '', '', '', '', '', '', '', '', '']"
"['Adecco', '', '', '', '', '', '', '', '', '']"
"['マスコミ求人.com', '', '', '', '', '', '', '', '', '']"
"['TechAcademyキャリア', 'キラメックス株式会社', 'IT/通信/インターネット系', '東京都渋谷区渋谷1-17-4 PMO渋谷8F', '', '樋口 隆広', '31～50人', '', '2009年2月', ['TechAcademyマガジン', 'TechAcademy']]"
"['BIZREACH', '株式会社ビズリーチ', 'IT/通信/インターネット系', '東京都渋谷区渋谷2-15-1 渋谷クロスタワー16階', '1億3000万円', '多田 洋祐', '1000人以上', '', '2009年', ['BIZREACH', 'キャリトレ']]"
"['MyRefer', '株式会社ＭｙＲｅｆｅｒ', 'IT/通信/インターネット系', '東京都中央区日本橋小網町１２番７号日本橋小網ビル４Ｆ', '3億6730万', '鈴木貴史', '31～50人', '', '2018年5月', []]"
"['キャリトレ', '株式会社ビズリーチ', 'IT/通信/インターネット系', '東京都渋谷区渋谷2-15-1 渋谷クロスタワー16階', '1億3000万円', '多田 洋祐', '1000人以上', '', '2009年', ['BIZREACH', 'キャリトレ']]"
"['paiza 転職', 'paiza株式会社', 'IT/通信/インターネット系', '東京都港区北青山3-3-5\u3000東京建物青山ビル5F', '3億5,060万円', '片山 良平', '51～100人', '', '2012年2月', ['paiza 新卒']]"
"['Workship ENTERPRISE', '株式会社GIG', 'IT/通信/インターネット系', '東京都中央区日本橋浜町1-11-8 ザ・パークレックス日本橋浜町4階', '1億1,190万（資本準備金含む）', '岩上 貴洋', '51～100人', 'https://giginc.co.jp', '2017年4月', ['Wantedly運用代行', 'Workship ENTERPRISE', 'Workship MAGAZINE', 'GIGのLINEアプリ開発サービス', 'LeadGrid']]"
"['Tech Stars', '', '', '', '', '', '', '', '', '']"
"['エンジニア就活', '', '', '', '', '', '', '', '', '']"
"['フォスターキャリア', '', '', '', '', '', '', '', '', '']"
"['Bridgers', '株式会社ネオキャリア', 'コンサルティング・専門サービス', '東京都新宿区西新宿1-22-2新宿サンエーヒﾞル2階', '3億6千万円', '西澤 亮一', '1000人以上', '', '2000年11月', []]"
"['ワールド情報のAI人材紹介', '株式会社ワールド情報', 'IT/通信/インターネット系', '東京都中央区新川２－９－６シュテルン中央ビル３Ｆ', '1000万円', '佐武 伸雄', '51～100人', '', '2015年12月', []]"
"['PROsheet', 'ランサーズエージェンシー株式会社', 'IT/通信/インターネット系', '東京都渋谷区渋谷２丁目２２−３ 東口ビル 11F', '2,995', '石山 正之', '31～50人', 'https://lancers-agency.co.jp/', '2014年12月', ['PROsheet', 'PROsheet', 'PROsheet', 'Lancers Agent', 'Lancers Agent', 'Lancers Agent', 'Lancers Agent']]"
"['Lancers Agent', 'ランサーズエージェンシー株式会社', 'IT/通信/インターネット系', '東京都渋谷区渋谷２丁目２２−３ 東口ビル 11F', '2,995', '石山 正之', '31～50人', 'https://lancers-agency.co.jp/', '2014年12月', ['PROsheet', 'PROsheet', 'PROsheet', 'PROsheet', 'Lancers Agent', 'Lancers Agent', 'Lancers Agent']]"
"['quick AGENT', '株式会社ポテパン', 'IT/通信/インターネット系', '東京都渋谷区渋谷2-5-5 クルスビル7F', '', '宮崎大地', '11～30人', 'https://quickagent.jp/company', '2014年9月', []]"
"['i-common tech', 'パーソルキャリア株式会社', 'コンサルティング・専門サービス', '東京都東京都千代田区丸の内2-4-1 丸の内ビルディング27F', '1,127百万円', '峯尾 太郎', '1000人以上', '', '', ['i-common']]"
"['JOB', '株式会社アルバイトタイムス', 'IT/通信/インターネット系', '東京都千代田区神田富山町５－１神田ビジネスキューブ７Ｆ', '4億5,599万円', '堀田\u3000欣弘', '101～200人', 'https://www.atimes.co.jp/', '1973年10月', ['ワガシャ de DOMO', 'JOB']]"
"['JapanWork', '株式会社JapanWork', 'マスコミ/広告/デザイン/ゲーム/エンターテイメント系', '東京都新宿区新宿1-18-10', '34,344,000円(資本準備金含む)', '鈴木\u3000悠人', '11～30人', '', '2016年2月', []]"
"['BIZREACH', '株式会社ビズリーチ', 'IT/通信/インターネット系', '東京都渋谷区渋谷2-15-1 渋谷クロスタワー16階', '1億3000万円', '多田 洋祐', '1000人以上', '', '2009年', ['BIZREACH', 'キャリトレ']]"
"['BNGエグゼクティブサーチ', 'BNGパートナーズ', 'コンサルティング・専門サービス', '東京都千代田区五番町4-5 五番町コスモビル3階', '5,430万円', '蔵元二郎', '31～50人', '', '2009年9月', []]"
"['クリエイター・IT人材に専門特化した採用戦略・採用活動伴走サービス', '株式会社クリーク･アンド･リバー社', 'マスコミ/広告/デザイン/ゲーム/エンターテイメント系', '東京都港区新橋四丁目１番１号新虎通りＣＯＲＥ', '117,719万円', '井川\u3000幸広', '501～1000人', 'https://www.cri.co.jp', '1990年3月', ['クリエイター・IT人材に専門特化した採用戦略・採用活動伴走サービス', 'クリエイターエージェンシー（人材紹介）', 'クリエイター・IT人材に専門特化した採用戦略・採用活動伴走サービス', 'クリエイター・IT人材に専門特化した採用戦略・採用活動伴走サービス', 'クリエイター・IT人材に専門特化した採用戦略・採用活動伴走サービス', 'クリエイター・IT人材に専門特化した採用戦略・採用活動伴走サービス']]"
"['Linkedin', '', '', '', '', '', '', '', '', '']"
"['Yenta', '', '', '', '', '', '', '', '', '']"
"['ITプロパートナーズ', '株式会社ITプロパートナーズ', 'サービス/外食/レジャー系', '東京都', '', '', '31～50人', '', '', []]"
"['はたらくぞドットコム', '株式会社はたらくぞ.com', 'IT/通信/インターネット系', '福岡県福岡市中央区薬院1丁目4-1 安部ビル202号', '', '横尾\u3000凡人', '2～10人', '', '2015年4月', []]"
"['クリエイター・IT人材に専門特化した採用戦略・採用活動伴走サービス', '株式会社クリーク･アンド･リバー社', 'マスコミ/広告/デザイン/ゲーム/エンターテイメント系', '東京都港区新橋四丁目１番１号新虎通りＣＯＲＥ', '117,719万円', '井川\u3000幸広', '501～1000人', 'https://www.cri.co.jp', '1990年3月', ['クリエイター・IT人材に専門特化した採用戦略・採用活動伴走サービス', 'クリエイターエージェンシー（人材紹介）', 'クリエイター・IT人材に専門特化した採用戦略・採用活動伴走サービス', 'クリエイター・IT人材に専門特化した採用戦略・採用活動伴走サービス', 'クリエイター・IT人材に専門特化した採用戦略・採用活動伴走サービス', 'クリエイター・IT人材に専門特化した採用戦略・採用活動伴走サービス']]"
"['パソナキャリア', '', '', '', '', '', '', '', '', '']"
"['ムービン', '', '', '', '', '', '', '', '', '']"
"['第二新卒エージェントneo', '', '', '', '', '', '', '', '', '']"
"['itk', '', '', '', '', '', '', '', '', '']"
"['リーガルブライト', '', '', '', '', '', '', '', '', '']"
"['ファッショーネ', '', '', '', '', '', '', '', '', '']"
"['第二新卒エージェント neo', '', '', '', '', '', '', '', '', '']"
"['クリエイターエージェンシー（人材紹介）', '株式会社クリーク･アンド･リバー社', 'マスコミ/広告/デザイン/ゲーム/エンターテイメント系', '東京都港区新橋四丁目１番１号新虎通りＣＯＲＥ', '117,719万円', '井川\u3000幸広', '501～1000人', 'https://www.cri.co.jp', '1990年3月', ['クリエイター・IT人材に専門特化した採用戦略・採用活動伴走サービス', 'クリエイター・IT人材に専門特化した採用戦略・採用活動伴走サービス', 'クリエイター・IT人材に専門特化した採用戦略・採用活動伴走サービス', 'クリエイター・IT人材に専門特化した採用戦略・採用活動伴走サービス', 'クリエイター・IT人材に専門特化した採用戦略・採用活動伴走サービス', 'クリエイター・IT人材に専門特化した採用戦略・採用活動伴走サービス']]"
"['Onsite Service', 'サークレイス株式会社（旧・株式会社パソナテキーラ）', 'IT/通信/インターネット系', '東京都千代田区大手町2-6-2', '1億円', '代表取締役社長\u3000佐藤\u3000潤', '101～200人', '', '2012年11月', ['Remote Service']]"
"['Workship ENTERPRISE', '株式会社GIG', 'IT/通信/インターネット系', '東京都中央区日本橋浜町1-11-8 ザ・パークレックス日本橋浜町4階', '1億1,190万（資本準備金含む）', '岩上 貴洋', '51～100人', 'https://giginc.co.jp', '2017年4月', ['Wantedly運用代行', 'Workship ENTERPRISE', 'Workship MAGAZINE', 'GIGのLINEアプリ開発サービス', 'LeadGrid']]"
"['ランスタッド', '', '', '', '', '', '', '', '', '']"
"['クリエイター・IT人材に専門特化した採用戦略・採用活動伴走サービス', '株式会社クリーク･アンド･リバー社', 'マスコミ/広告/デザイン/ゲーム/エンターテイメント系', '東京都港区新橋四丁目１番１号新虎通りＣＯＲＥ', '117,719万円', '井川\u3000幸広', '501～1000人', 'https://www.cri.co.jp', '1990年3月', ['クリエイター・IT人材に専門特化した採用戦略・採用活動伴走サービス', 'クリエイターエージェンシー（人材紹介）', 'クリエイター・IT人材に専門特化した採用戦略・採用活動伴走サービス', 'クリエイター・IT人材に専門特化した採用戦略・採用活動伴走サービス', 'クリエイター・IT人材に専門特化した採用戦略・採用活動伴走サービス', 'クリエイター・IT人材に専門特化した採用戦略・採用活動伴走サービス']]"
"['ウィルオブ・ワークの事務派遣サービス', '株式会社ウィルオブ・ワーク', 'サービス/外食/レジャー系', '東京都新宿区新宿三丁目１番２４号京王新宿三丁目ビル３階', '9,900万円', '告野 崇', '1000人以上', 'https://willof-work.co.jp/', '1997年1月', ['ウィルオブ・ワークのRPAサービス（WinActor）', 'ウィルオブ・ワークの電話代行']]"
"['採用係長', '株式会社ネットオン', 'IT/通信/インターネット系', '大阪府大阪市北区野崎町7-8 梅田パークビル1F', '3億7,628万円', '木嶋 諭', '31～50人', 'https://neton.co.jp/', '2004年10月', ['採用係長']]"
"['iRec', '株式会社プロコミット', 'コンサルティング・専門サービス', '東京都千代田区麹町6-6-2 東急四谷ビル5階', '1320万円', '清水隆史', '11～30人', '', '2005年1月', []]"
"['MANEKU', '株式会社サイト・パブリス', 'IT/通信/インターネット系', '東京都千代田区霞が関3-2-6 東京倶楽部ビルディング5F', '', '䔥 敬如', '11～30人', 'https://www.sitepublis.net/', '', ['SITE PUBLIS', 'TSUTAERU', 'MediaPack', 'Suggest AI', '【BOXILEXPO】株式会社サイト・パブリス_TUSTAERU']]"
"['求人サイト構築メイド', '', '', '', '', '', '', '', '', '']"
"['PLATE', '', '', '', '', '', '', '', '', '']"
"['ラクリエ求人', 'ナレッジスイート株式会社', 'IT/通信/インターネット系', '東京都港区愛宕二丁目5番1号 愛宕グリーンヒルズMORIタワー\u300038F', '681,106,000', '稲葉 雄一', '51～100人', 'http://ksj.co.jp/', '2006年10月', ['Knowledge Suite', 'GEOCRM.com', 'ROBOT ID', 'VCRM']]"
"['JobSuite STUDIO', '株式会社ステラス JPOSTING事業部', 'IT/通信/インターネット系', '神奈川県横浜市西区平沼1-2-24', '2,500万円', '戸村\u3000敦雄', '101～200人', 'https://stellas.co.jp/', '1981年7月', ['JobSuite CAREER', 'JobSuite FRESHERS']]"
"['トルー', '株式会社ダトラ', 'コンサルティング・専門サービス', '大阪府大阪市中央区久太郎町２－５－２８\u3000久太郎町恒和ビル７階', '800万円', '草深 悠介', '11～30人', '', '2014年2月', []]"
"['Wantedly運用代行', '株式会社GIG', 'IT/通信/インターネット系', '東京都中央区日本橋浜町1-11-8 ザ・パークレックス日本橋浜町4階', '1億1,190万（資本準備金含む）', '岩上 貴洋', '51～100人', 'https://giginc.co.jp', '2017年4月', ['Workship ENTERPRISE', 'Workship MAGAZINE', 'GIGのLINEアプリ開発サービス', 'LeadGrid']]"
"['PR Table', '株式会社PR Table', 'IT/通信/インターネット系', '東京都渋谷区道玄坂1-19-9 第一暁ビル7F', '6億486万円(資本準備金を含む)', '大堀 航', '31～50人', '', '2014年12月', []]"
"['クリエイター・IT人材に専門特化した採用戦略・採用活動伴走サービス', '株式会社クリーク･アンド･リバー社', 'マスコミ/広告/デザイン/ゲーム/エンターテイメント系', '東京都港区新橋四丁目１番１号新虎通りＣＯＲＥ', '117,719万円', '井川\u3000幸広', '501～1000人', 'https://www.cri.co.jp', '1990年3月', ['クリエイター・IT人材に専門特化した採用戦略・採用活動伴走サービス', 'クリエイターエージェンシー（人材紹介）', 'クリエイター・IT人材に専門特化した採用戦略・採用活動伴走サービス', 'クリエイター・IT人材に専門特化した採用戦略・採用活動伴走サービス', 'クリエイター・IT人材に専門特化した採用戦略・採用活動伴走サービス', 'クリエイター・IT人材に専門特化した採用戦略・採用活動伴走サービス']]"
"['バイトル', '', '', '', '', '', '', '', '', '']"
"['LINEバイト', '', '', '', '', '', '', '', '', '']"
"['JEEK', '株式会社Techouse', '未登録', '東京都渋谷区道玄坂2-10-12\u3000新大宗ビル3号館8階', '7,678万円', '磯辺\u3000基之', '', 'http://techouse.jp/', '2012年1月', []]"
"['タウンワークオンライン', '', '', '', '', '', '', '', '', '']"
"['from A navi', '', '', '', '', '', '', '', '', '']"
"['Qsuke', '株式会社エイチアールグロウス', '未登録', '-', '', '座間保', '', 'http://www.qsuke.biz/', '2014年5月', []]"
"['あさがくナビ', '', '', '', '', '', '', '', '', '']"
"['ゼロワンインターン', '', '', '', '', '', '', '', '', '']"
"['インターンシップガイド', '', '', '', '', '', '', '', '', '']"
"['InfrA', '株式会社Traimmu', 'IT/通信/インターネット系', '東京都渋谷区', '', '高橋\u3000慶治', '11～30人', '', '2015年5月', []]"
"['Asia Trywork World', '', '', '', '', '', '', '', '', '']"
"['DR!VEインターン', '', '', '', '', '', '', '', '', '']"
"['クックビズ', '', '', '', '', '', '', '', '', '']"
"['ガールズウーマン', '', '', '', '', '', '', '', '', '']"
"['グルメdeバイト', '', '', '', '', '', '', '', '', '']"
"['インターンシップJAPAN', '', '', '', '', '', '', '', '', '']"
"['求人ジャーナルネット', '', '', '', '', '', '', '', '', '']"
"['バイトーク', '', '', '', '', '', '', '', '', '']"
"['カオナビ', '株式会社カオナビ', 'IT/通信/インターネット系', '東京都港区虎ノ門1丁目3番1号 東京虎ノ門グローバルスクエア15,16F', '10億6,627万円 （2021年3月末時点）', '柳橋 仁機', '101～200人', 'https://www.kaonavi.jp/', '2008年5月', ['カオナビ']]"
"['Compass', '', '', '', '', '', '', '', '', '']"
"['SPI3', '', '', '', '', '', '', '', '', '']"
"['TAP', '', '', '', '', '', '', '', '', '']"
"['HR-PROG', '', '', '', '', '', '', '', '', '']"
"['DCH-Survey', '', '', '', '', '', '', '', '', '']"
"['新入社員診断カルテ', '', '', '', '', '', '', '', '', '']"
"['B-CAV testⅡ', '', '', '', '', '', '', '', '', '']"
"['BPASSサーベイ', '', '', '', '', '', '', '', '', '']"
"['ICP日経人材力診断', '', '', '', '', '', '', '', '', '']"
"['MARCO POLO', '', '', '', '', '', '', '', '', '']"
"['tanΘ', '', '', '', '', '', '', '', '', '']"
"['EiKBⅡ', '', '', '', '', '', '', '', '', '']"
"['採用適性検査INSIGHT', '', '', '', '', '', '', '', '', '']"
"['3Eテスト', '', '', '', '', '', '', '', '', '']"
"['採用適性検査CUBIC TRIUMPH ver.', '', '', '', '', '', '', '', '', '']"
"['PCSurvey', '', '', '', '', '', '', '', '', '']"
"['適性検査SurveyYOU', '', '', '', '', '', '', '', '', '']"
"['HRベース適性検査', '', '', '', '', '', '', '', '', '']"
"['アドバンテッジインサイト', '', '', '', '', '', '', '', '', '']"
"['Caliper', '', '', '', '', '', '', '', '', '']"
"['適性検査 eF-1G', '', '', '', '', '', '', '', '', '']"
"['ハリソンアセスメンツ', '', '', '', '', '', '', '', '', '']"
"['SCOA総合適性検査', '', '', '', '', '', '', '', '', '']"
"['PETⅡ', '株式会社ベクトル', 'コンサルティング・専門サービス', '東京都', '', '', '31～50人', '', '', []]"
"['HRアナリスト 人材分析', 'シングラー株式会社', 'IT/通信/インターネット系', '東京都港区東新橋2丁目7番3 BIZMARKS新橋汐留 2階', '', '熊谷\u3000豪', '11～30人', '', '2016年11月', []]"
"['back check', '株式会社ＲＯＸＸ', 'IT/通信/インターネット系', '東京都港区赤坂２丁目１４番２７号', '', '中嶋 汰朗', '51～100人', '', '2013年11月', []]"
"['CUBIC適性検査 TRIUMPH ver.', '株式会社トライアンフ', 'コンサルティング・専門サービス', '東京都渋谷区東3丁目16－3 エフ・ニッセイ恵比寿ビル 1F', '', '', '101～200人', '', '', ['CUBIC適性検査 TRIUMPH ver.', 'トライアンフの給与計算アウトソーシング']]"
"['スタンバイ・カンパニー', '株式会社ビズリーチ', 'IT/通信/インターネット系', '東京都渋谷区渋谷2-15-1', '32.5億円', '南 壮一郎', '501～1000人', '', '2009年4月', []]"
"['HRサイト', '株式会社リーピー', 'IT/通信/インターネット系', '岐阜県岐阜市香蘭3丁目7番地', '1,000万円', '川口聡', '31～50人', 'https://leapy.jp/', '2013年10月', ['formy', 'motolist', 'wikipy', 'Pace']]"
"['PROsheet', 'ランサーズエージェンシー株式会社', 'IT/通信/インターネット系', '東京都渋谷区渋谷２丁目２２−３ 東口ビル 11F', '2,995', '石山 正之', '31～50人', 'https://lancers-agency.co.jp/', '2014年12月', ['PROsheet', 'PROsheet', 'PROsheet', 'Lancers Agent', 'Lancers Agent', 'Lancers Agent', 'Lancers Agent']]"
"['Lancers Agent', 'ランサーズエージェンシー株式会社', 'IT/通信/インターネット系', '東京都渋谷区渋谷２丁目２２−３ 東口ビル 11F', '2,995', '石山 正之', '31～50人', 'https://lancers-agency.co.jp/', '2014年12月', ['PROsheet', 'PROsheet', 'PROsheet', 'PROsheet', 'Lancers Agent', 'Lancers Agent', 'Lancers Agent']]"
"['Schooビジネスプラン', '株式会社Schoo', 'IT/通信/インターネット系', '東京都渋谷区鶯谷町2-7', '', '', '51～100人', '', '', ['Schooビジネスプラン']]"
"['営業ゲーム', '', '', '', '', '', '', '', '', '']"
"['戦略的営業強化研修', '', '', '', '', '', '', '', '', '']"
"['ソリューション営業強化研修', '', '', '', '', '', '', '', '', '']"
"['業績マネジメント研修', '', '', '', '', '', '', '', '', '']"
"['営業プロセス標準化', '', '', '', '', '', '', '', '', '']"
"['オーダーメイドの営業研修', '', '', '', '', '', '', '', '', '']"
"['Schooビジネスプラン', '株式会社Schoo', 'IT/通信/インターネット系', '東京都渋谷区鶯谷町2-7', '', '', '51～100人', '', '', ['Schooビジネスプラン']]"
"['TechAcademy', 'キラメックス株式会社', 'IT/通信/インターネット系', '東京都渋谷区渋谷1-17-4 PMO渋谷8F', '', '樋口 隆広', '31～50人', '', '2009年2月', ['TechAcademyキャリア', 'TechAcademyマガジン']]"
"['CCPMベーシックコース', '株式会社ビーイングコンサルティング', 'コンサルティング・専門サービス', '東京都新宿区西新宿三丁目2番11号\u3000新宿三井ビルディング二号館10F', '1000万円', '津田 能成', '11～30人', 'https://toc-consulting.jp/', '2019年1月', ['BeingManagement3', 'CCPMベーシックコース', 'CCPMベーシックコース']]"
"['Schooビジネスプラン', '株式会社Schoo', 'IT/通信/インターネット系', '東京都渋谷区鶯谷町2-7', '', '', '51～100人', '', '', ['Schooビジネスプラン']]"
"['hPocketWorkMate', '株式会社ヘッドウォータース', 'IT/通信/インターネット系', '東京都新宿区新宿2-16-6新宿イーストスクエアビル7F', '1億4374万', '篠田\u3000庸介', '51～100人', '', '2005年11月', []]"
"['Dr.CMO', 'PROJECT GROUP株式会社', 'IT/通信/インターネット系', '東京都千代田区神田和泉町1-1-16 KONKOビル5F', '', '田内広平', '31～50人', '', '2012年3月', []]"
"['ebook5', '株式会社ルーラー', 'IT/通信/インターネット系', '北海道札幌市中央区南１条西２０丁目', '8,000,000円', '沼 博人', '2～10人', '', '2008年6月', []]"
"['CCPMベーシックコース', '株式会社ビーイングコンサルティング', 'コンサルティング・専門サービス', '東京都新宿区西新宿三丁目2番11号\u3000新宿三井ビルディング二号館10F', '1000万円', '津田 能成', '11～30人', 'https://toc-consulting.jp/', '2019年1月', ['BeingManagement3', 'CCPMベーシックコース', 'CCPMベーシックコース']]"
"['アラームボックス モニタリング', 'アラームボックス株式会社', 'IT/通信/インターネット系', '東京都新宿区谷本村町3-22', '336,000,000円', '武田 浩和', '31～50人', 'https://alarmbox.jp/', '2016年6月', []]"
"['スピード・オブ・トラスト リーダー', 'フランクリン・コヴィー・ジャパン株式会社', 'コンサルティング・専門サービス', '東京都千代田区三番町5-7 精糖会館7階', '2億6千万円', 'ブライアン・マーティーニ', '31～50人', '', '1998年3月', ['7つの習慣®︎SIGNATURE EDITION4.0', '7つの習慣®︎マネージャー', 'ディスカバリー', 'ビジョナリー・ウーマン', '卓越した生産性向上の秘訣「5つの選択®︎」', 'プロジェクトマネジメント・エッセンシャル', 'リーダーのための4つの本質的な役割', 'ヘルピング・クライアンツ・サクシード']]"
"['Schooビジネスプラン', '株式会社Schoo', 'IT/通信/インターネット系', '東京都渋谷区鶯谷町2-7', '', '', '51～100人', '', '', ['Schooビジネスプラン']]"
"['コミュニケーション力強化トレーニング', '', '', '', '', '', '', '', '', '']"
"['ビジネスマナートレーニング', '', '', '', '', '', '', '', '', '']"
"['仕事力強化トレーニング', '', '', '', '', '', '', '', '', '']"
"['プログレス', '', '', '', '', '', '', '', '', '']"
"['卓越した生産性向上の秘訣「5つの選択®︎」', 'フランクリン・コヴィー・ジャパン株式会社', 'コンサルティング・専門サービス', '東京都千代田区三番町5-7 精糖会館7階', '2億6千万円', 'ブライアン・マーティーニ', '31～50人', '', '1998年3月', ['7つの習慣®︎SIGNATURE EDITION4.0', '7つの習慣®︎マネージャー', 'ディスカバリー', 'ビジョナリー・ウーマン', 'プロジェクトマネジメント・エッセンシャル', 'スピード・オブ・トラスト リーダー', 'リーダーのための4つの本質的な役割', 'ヘルピング・クライアンツ・サクシード']]"
"['Schooビジネスプラン', '株式会社Schoo', 'IT/通信/インターネット系', '東京都渋谷区鶯谷町2-7', '', '', '51～100人', '', '', ['Schooビジネスプラン']]"
"['Winning Together 日本人向け', 'beyond global Japan株式会社', 'コンサルティング・専門サービス', '東京都千代田区二番町9-3 THE BASE 麹町 E-302', '', '森田英一', '2～10人', '', '2012年9月', ['Winning Together 外国人向け']]"
"['Winning Together 外国人向け', 'beyond global Japan株式会社', 'コンサルティング・専門サービス', '東京都千代田区二番町9-3 THE BASE 麹町 E-302', '', '森田英一', '2～10人', '', '2012年9月', ['Winning Together 日本人向け']]"
"['7つの習慣®︎SIGNATURE EDITION4.0', 'フランクリン・コヴィー・ジャパン株式会社', 'コンサルティング・専門サービス', '東京都千代田区三番町5-7 精糖会館7階', '2億6千万円', 'ブライアン・マーティーニ', '31～50人', '', '1998年3月', ['7つの習慣®︎マネージャー', 'ディスカバリー', 'ビジョナリー・ウーマン', '卓越した生産性向上の秘訣「5つの選択®︎」', 'プロジェクトマネジメント・エッセンシャル', 'スピード・オブ・トラスト リーダー', 'リーダーのための4つの本質的な役割', 'ヘルピング・クライアンツ・サクシード']]"
"['SmartHR', '株式会社SmartHR', 'IT/通信/インターネット系', '東京都港区六本木3-2-1 住友不動産六本木グランドタワー', '', '宮田 昇始', '301～500人', 'https://smarthr.jp/', '2013年1月', ['SmartHR', '【BOXILEXPO】株式会社SmartHR_SmartHR', '【BOXILEXPO】株式会社SmartHR_労務・勤怠管理サービス_SmartHR', '【BOXILEXPO】株式会社SmartHR_SmartHR', '【BOXIL EXPO 第2回 財務・経理・総務・法務展】株式会社SmartHR_SmartHR']]"
"['Schooビジネスプラン', '株式会社Schoo', 'IT/通信/インターネット系', '東京都渋谷区鶯谷町2-7', '', '', '51～100人', '', '', ['Schooビジネスプラン']]"
"['社内研修実施力アップシリーズ', '', '', '', '', '', '', '', '', '']"
"['社内研修実施力アップシリーズ', '', '', '', '', '', '', '', '', '']"
"['NOC総務アウトソーシングサービス', 'NOCアウトソーシング＆コンサルティング株式会社', 'コンサルティング・専門サービス', '東京都千代田区麹町5-1-1', '1億円', '澤登\u3000哲也', '1000人以上', '', '1988年11月', ['NOC給与計算アウトソーシング', 'NOC RPAサービス (WinActor)', 'NOC社内システム運用管理業務トータルサポートサービス']]"
"['Scorpio', '株式会社ロココ', 'IT/通信/インターネット系', '東京都港区芝2-2-14', '6,650万円', '長谷川一彦', '501～1000人', '', '1994年6月', ['勤怠管理システムTimes']]"
"['バリューHR\u3000健診結果管理システム', '株式会社バリューＨＲ', 'コンサルティング・専門サービス', '東京都渋谷区千駄ヶ谷５－２１－１４バリューＨＲビル', '542,542千円', '藤田 美智雄', '501～1000人', '', '2001年7月', ['バリューHR\u3000健診予約システム', 'バリューHR\u3000特定保健指導サービス', 'バリューHR\u3000カフェテリアサービス']]"
"['バリューHR\u3000特定保健指導サービス', '株式会社バリューＨＲ', 'コンサルティング・専門サービス', '東京都渋谷区千駄ヶ谷５－２１－１４バリューＨＲビル', '542,542千円', '藤田 美智雄', '501～1000人', '', '2001年7月', ['バリューHR\u3000健診予約システム', 'バリューHR\u3000健診結果管理システム', 'バリューHR\u3000カフェテリアサービス']]"
"['Schooビジネスプラン', '株式会社Schoo', 'IT/通信/インターネット系', '東京都渋谷区鶯谷町2-7', '', '', '51～100人', '', '', ['Schooビジネスプラン']]"
"['チームPDCAシリーズ', '', '', '', '', '', '', '', '', '']"
"['7つの習慣®Innovative Mind研修', '株式会社ＦＣＥトレーニング・カンパニー', 'コンサルティング・専門サービス', '東京都新宿区西新宿2-4-1新宿ＮＳビル10階', '3000万円', '荻野\u3000純子', '11～30人', '', '2006年10月', ['xDrive']]"
"['7つの習慣®︎マネージャー', 'フランクリン・コヴィー・ジャパン株式会社', 'コンサルティング・専門サービス', '東京都千代田区三番町5-7 精糖会館7階', '2億6千万円', 'ブライアン・マーティーニ', '31～50人', '', '1998年3月', ['7つの習慣®︎SIGNATURE EDITION4.0', 'ディスカバリー', 'ビジョナリー・ウーマン', '卓越した生産性向上の秘訣「5つの選択®︎」', 'プロジェクトマネジメント・エッセンシャル', 'スピード・オブ・トラスト リーダー', 'リーダーのための4つの本質的な役割', 'ヘルピング・クライアンツ・サクシード']]"
"['CCPMベーシックコース', '株式会社ビーイングコンサルティング', 'コンサルティング・専門サービス', '東京都新宿区西新宿三丁目2番11号\u3000新宿三井ビルディング二号館10F', '1000万円', '津田 能成', '11～30人', 'https://toc-consulting.jp/', '2019年1月', ['BeingManagement3', 'CCPMベーシックコース', 'CCPMベーシックコース']]"
"['Schooビジネスプラン', '株式会社Schoo', 'IT/通信/インターネット系', '東京都渋谷区鶯谷町2-7', '', '', '51～100人', '', '', ['Schooビジネスプラン']]"
"['あしたのクラウドHR', '株式会社あしたのチーム', 'コンサルティング・専門サービス', '東京都中央区銀座6-10-1\u3000GINZA SIX\u300013F（WeWork内）', '1億円（資本準備金含む）', '赤羽 博行', '101～200人', 'https://www.ashita-team.com/', '2008年9月', ['あしたのチーム', 'あしたのクラウドHR', 'あしたのチーム']]"
"['あしたのチーム', '株式会社あしたのチーム', 'コンサルティング・専門サービス', '東京都中央区銀座6-10-1\u3000GINZA SIX\u300013F（WeWork内）', '1億円（資本準備金含む）', '赤羽 博行', '101～200人', 'https://www.ashita-team.com/', '2008年9月', ['あしたのチーム', 'あしたのクラウドHR', 'あしたのチーム']]"
"['リーダーのための4つの本質的な役割', 'フランクリン・コヴィー・ジャパン株式会社', 'コンサルティング・専門サービス', '東京都千代田区三番町5-7 精糖会館7階', '2億6千万円', 'ブライアン・マーティーニ', '31～50人', '', '1998年3月', ['7つの習慣®︎SIGNATURE EDITION4.0', '7つの習慣®︎マネージャー', 'ディスカバリー', 'ビジョナリー・ウーマン', '卓越した生産性向上の秘訣「5つの選択®︎」', 'プロジェクトマネジメント・エッセンシャル', 'スピード・オブ・トラスト リーダー', 'ヘルピング・クライアンツ・サクシード']]"
"['フォロワーシップ力強化トレーニング', '', '', '', '', '', '', '', '', '']"
"['ヘルピング・クライアンツ・サクシード', 'フランクリン・コヴィー・ジャパン株式会社', 'コンサルティング・専門サービス', '東京都千代田区三番町5-7 精糖会館7階', '2億6千万円', 'ブライアン・マーティーニ', '31～50人', '', '1998年3月', ['7つの習慣®︎SIGNATURE EDITION4.0', '7つの習慣®︎マネージャー', 'ディスカバリー', 'ビジョナリー・ウーマン', '卓越した生産性向上の秘訣「5つの選択®︎」', 'プロジェクトマネジメント・エッセンシャル', 'スピード・オブ・トラスト リーダー', 'リーダーのための4つの本質的な役割']]"
"['マネジメント力強化トレーニング', '', '', '', '', '', '', '', '', '']"
"['7つのマネジメントスキルトレーニング', '', '', '', '', '', '', '', '', '']"
"['最強組織シリーズ', '', '', '', '', '', '', '', '', '']"
"['プロジェクトマネジメント・エッセンシャル', 'フランクリン・コヴィー・ジャパン株式会社', 'コンサルティング・専門サービス', '東京都千代田区三番町5-7 精糖会館7階', '2億6千万円', 'ブライアン・マーティーニ', '31～50人', '', '1998年3月', ['7つの習慣®︎SIGNATURE EDITION4.0', '7つの習慣®︎マネージャー', 'ディスカバリー', 'ビジョナリー・ウーマン', '卓越した生産性向上の秘訣「5つの選択®︎」', 'スピード・オブ・トラスト リーダー', 'リーダーのための4つの本質的な役割', 'ヘルピング・クライアンツ・サクシード']]"
"['Giftedのビジネスマナー講座', '株式会社Gifted', 'コンサルティング・専門サービス', '東京都中央区日本橋茅場町1-9-2第１稲村ビル４F', '300万円', '杉田恵美', '2～10人', 'https://gifted-inc.jp', '2015年4月', ['EGG']]"
"['ディスカバリー', 'フランクリン・コヴィー・ジャパン株式会社', 'コンサルティング・専門サービス', '東京都千代田区三番町5-7 精糖会館7階', '2億6千万円', 'ブライアン・マーティーニ', '31～50人', '', '1998年3月', ['7つの習慣®︎SIGNATURE EDITION4.0', '7つの習慣®︎マネージャー', 'ビジョナリー・ウーマン', '卓越した生産性向上の秘訣「5つの選択®︎」', 'プロジェクトマネジメント・エッセンシャル', 'スピード・オブ・トラスト リーダー', 'リーダーのための4つの本質的な役割', 'ヘルピング・クライアンツ・サクシード']]"
"['ビジョナリー・ウーマン', 'フランクリン・コヴィー・ジャパン株式会社', 'コンサルティング・専門サービス', '東京都千代田区三番町5-7 精糖会館7階', '2億6千万円', 'ブライアン・マーティーニ', '31～50人', '', '1998年3月', ['7つの習慣®︎SIGNATURE EDITION4.0', '7つの習慣®︎マネージャー', 'ディスカバリー', '卓越した生産性向上の秘訣「5つの選択®︎」', 'プロジェクトマネジメント・エッセンシャル', 'スピード・オブ・トラスト リーダー', 'リーダーのための4つの本質的な役割', 'ヘルピング・クライアンツ・サクシード']]"
"['システナ トレーニングサービス', '株式会社システナ', 'IT/通信/インターネット系', '東京都港区海岸1丁目2番20号\u3000汐留ビルディング 14F', '15億1,375万円（2020年4月1日現在）', '三浦\u3000賢治', '1000人以上', '', '1983年3月', ['Chatbot・検索システムサービス', 'リモートサポートサービス', 'Teams導入・活用支援サービス']]"
"['SmartHR', '株式会社SmartHR', 'IT/通信/インターネット系', '東京都港区六本木3-2-1 住友不動産六本木グランドタワー', '', '宮田 昇始', '301～500人', 'https://smarthr.jp/', '2013年1月', ['SmartHR', '【BOXILEXPO】株式会社SmartHR_SmartHR', '【BOXILEXPO】株式会社SmartHR_労務・勤怠管理サービス_SmartHR', '【BOXILEXPO】株式会社SmartHR_SmartHR', '【BOXIL EXPO 第2回 財務・経理・総務・法務展】株式会社SmartHR_SmartHR']]"
"['セールスフォース・ドットコム', '株式会社セールスフォース・ドットコム', 'IT/通信/インターネット系', '東京都千代田区丸の内2-7-2\u3000JPタワー12F', '4億円', '代表取締役会長 兼 CEO\u3000小出 伸一', '1000人以上', 'https://www.salesforce.com/jp/', '2000年4月', ['Salesforce Sales Cloud', 'Salesforce Marketing Cloud', 'Pardot', 'Salesforce Service Cloud', 'Salesforce Platform', 'Salesforce Essentials', 'Quip', 'Heroku', 'Experience Cloud', '【BOXILEXPO】セールスフォース・ドットコム_Pardot']]"
"['クアルトリクス 従業員エクスペリエンス（EX）｜Qualtrics', 'クアルトリクス合同会社', 'IT/通信/インターネット系', '東京都千代田区丸の内１－６－５ 丸の内北口ビルディング９階', '', '熊代 悟', '51～100人', 'https://www.qualtrics.com/jp/', '2016年9月', ['クアルトリクス 従業員エクスペリエンス（EX）｜Qualtrics', 'クアルトリクス カスタマーエクスペリエンス（CX）｜Qualtrics']]"
"['Motify HR', '株式会社アックスコンサルティング', 'コンサルティング・専門サービス', '東京都渋谷区恵比寿1-19-15\u3000ウノサワ東急ビル３F', '9,000万円（授権資本：3億3,600万円）', '広瀬元義', '101～200人', '', '1988年8月', []]"
"['ラフールサーベイ', '株式会社ラフール', 'IT/通信/インターネット系', '東京都中央区日本橋茅場町2-9-5 日進ビル7F', '19億5,200万円(資本剰余金を含む)', '結木啓太', '51～100人', '', '2011年11月', ['ラフールサーベイ']]"
"['TUNAG', '株式会社スタメン', 'IT/通信/インターネット系', '愛知県名古屋市中村区井深町1-1', '6億730万円', '加藤 厚史', '51～100人', 'https://stmn.co.jp/', '2016年1月', ['TUNAG']]"
"['Motify HR', '株式会社アックスコンサルティング', 'コンサルティング・専門サービス', '東京都渋谷区恵比寿1-19-15\u3000ウノサワ東急ビル３F', '9,000万円（授権資本：3億3,600万円）', '広瀬元義', '101～200人', '', '1988年8月', ['Motify HR']]"
"['クアルトリクス 従業員エクスペリエンス（EX）｜Qualtrics', 'クアルトリクス合同会社', 'IT/通信/インターネット系', '東京都千代田区丸の内１－６－５ 丸の内北口ビルディング９階', '', '熊代 悟', '51～100人', 'https://www.qualtrics.com/jp/', '2016年9月', ['クアルトリクス 従業員エクスペリエンス（EX）｜Qualtrics', 'クアルトリクス カスタマーエクスペリエンス（CX）｜Qualtrics']]"
"['RECOG', '株式会社シンクスマイル', 'IT/通信/インターネット系', '東京都港区赤坂2-15-6 フィル・パーク赤坂 3F', '', '', '31～50人', '', '', ['RECOG', 'RECOG']]"
"['クアルトリクス 従業員エクスペリエンス（EX）｜Qualtrics', 'クアルトリクス合同会社', 'IT/通信/インターネット系', '東京都千代田区丸の内１－６－５ 丸の内北口ビルディング９階', '', '熊代 悟', '51～100人', 'https://www.qualtrics.com/jp/', '2016年9月', ['クアルトリクス 従業員エクスペリエンス（EX）｜Qualtrics', 'クアルトリクス カスタマーエクスペリエンス（CX）｜Qualtrics']]"
"['Motify HR', '株式会社アックスコンサルティング', 'コンサルティング・専門サービス', '東京都渋谷区恵比寿1-19-15\u3000ウノサワ東急ビル３F', '9,000万円（授権資本：3億3,600万円）', '広瀬元義', '101～200人', '', '1988年8月', ['Motify HR']]"
"['PROsheet', 'ランサーズエージェンシー株式会社', 'IT/通信/インターネット系', '東京都渋谷区渋谷２丁目２２−３ 東口ビル 11F', '2,995', '石山 正之', '31～50人', 'https://lancers-agency.co.jp/', '2014年12月', ['PROsheet', 'PROsheet', 'PROsheet', 'Lancers Agent', 'Lancers Agent', 'Lancers Agent', 'Lancers Agent']]"
"['Lancers Agent', 'ランサーズエージェンシー株式会社', 'IT/通信/インターネット系', '東京都渋谷区渋谷２丁目２２−３ 東口ビル 11F', '2,995', '石山 正之', '31～50人', 'https://lancers-agency.co.jp/', '2014年12月', ['PROsheet', 'PROsheet', 'PROsheet', 'PROsheet', 'Lancers Agent', 'Lancers Agent', 'Lancers Agent']]"
"['バックオフィス「ペーパーレス化」完全ガイド by BOXIL SaaS', 'スマートキャンプ株式会社', 'IT/通信/インターネット系', '東京都港区三田3-13-16 三田43MTビル13階', '100,000,000円', '古橋 智史', '101～200人', 'https://smartcamp.co.jp/', '2014年6月', ['BOXIL', 'BALES', 'Zoom', 'BOXIL Ads', 'BALES CLOUD', 'インサイドセールス業界レポート2019 by スマートキャンプ', 'BOXIL BIZ DEEP', 'Lead Brizzy', 'SaaS業界レポート2020', 'インサイドセールス業界レポート2020 by スマートキャンプ', 'Google Workspace', 'ERPポジショニングマップ by BOXIL SaaS', 'BALES CLOUD', 'SaaS業界レポート2021速報版']]"
"['インサイドセールス業界レポート2019 by スマートキャンプ', 'スマートキャンプ株式会社', 'IT/通信/インターネット系', '東京都港区三田3-13-16 三田43MTビル13階', '100,000,000円', '古橋 智史', '101～200人', 'https://smartcamp.co.jp/', '2014年6月', ['BOXIL', 'BALES', 'Zoom', 'BOXIL Ads', 'BALES CLOUD', 'BOXIL BIZ DEEP', 'バックオフィス「ペーパーレス化」完全ガイド by BOXIL SaaS', 'Lead Brizzy', 'SaaS業界レポート2020', 'インサイドセールス業界レポート2020 by スマートキャンプ', 'Google Workspace', 'ERPポジショニングマップ by BOXIL SaaS', 'BALES CLOUD', 'SaaS業界レポート2021速報版']]"
"['インサイドセールス業界レポート2020 by スマートキャンプ', 'スマートキャンプ株式会社', 'IT/通信/インターネット系', '東京都港区三田3-13-16 三田43MTビル13階', '100,000,000円', '古橋 智史', '101～200人', 'https://smartcamp.co.jp/', '2014年6月', ['BOXIL', 'BALES', 'Zoom', 'BOXIL Ads', 'BALES CLOUD', 'インサイドセールス業界レポート2019 by スマートキャンプ', 'BOXIL BIZ DEEP', 'バックオフィス「ペーパーレス化」完全ガイド by BOXIL SaaS', 'Lead Brizzy', 'SaaS業界レポート2020', 'Google Workspace', 'ERPポジショニングマップ by BOXIL SaaS', 'BALES CLOUD', 'SaaS業界レポート2021速報版']]"
"['SaaS業界レポート2020', 'スマートキャンプ株式会社', 'IT/通信/インターネット系', '東京都港区三田3-13-16 三田43MTビル13階', '100,000,000円', '古橋 智史', '101～200人', 'https://smartcamp.co.jp/', '2014年6月', ['BOXIL', 'BALES', 'Zoom', 'BOXIL Ads', 'BALES CLOUD', 'インサイドセールス業界レポート2019 by スマートキャンプ', 'BOXIL BIZ DEEP', 'バックオフィス「ペーパーレス化」完全ガイド by BOXIL SaaS', 'Lead Brizzy', 'インサイドセールス業界レポート2020 by スマートキャンプ', 'Google Workspace', 'ERPポジショニングマップ by BOXIL SaaS', 'BALES CLOUD', 'SaaS業界レポート2021速報版']]"
"['SaaS業界レポート2021速報版', 'スマートキャンプ株式会社', 'IT/通信/インターネット系', '東京都港区三田3-13-16 三田43MTビル13階', '100,000,000円', '古橋 智史', '101～200人', 'https://smartcamp.co.jp/', '2014年6月', ['BOXIL', 'BALES', 'Zoom', 'BOXIL Ads', 'BALES CLOUD', 'インサイドセールス業界レポート2019 by スマートキャンプ', 'BOXIL BIZ DEEP', 'バックオフィス「ペーパーレス化」完全ガイド by BOXIL SaaS', 'Lead Brizzy', 'SaaS業界レポート2020', 'インサイドセールス業界レポート2020 by スマートキャンプ', 'Google Workspace', 'ERPポジショニングマップ by BOXIL SaaS', 'BALES CLOUD']]"
"['きりんカルテ', 'きりんカルテシステム株式会社', '医療系', '福岡県福岡市博多区博多駅前4-3-22 産恵ビル5F', '261,480,000円', '山口 太一', '31～50人', '', '2013年12月', []]"
"['GitHub', '', '', '', '', '', '', '', '', '']"
"['HRMOS採用 SCTX 2019 Session Report', '株式会社ビズリーチ', 'IT/通信/インターネット系', '東京都渋谷区渋谷2-15-1 渋谷クロスタワー16階', '1億3000万円', '多田 洋祐', '1000人以上', '', '2009年', ['BIZREACH', 'キャリトレ']]"
"['Teachme Biz', '株式会社スタディスト', 'IT/通信/インターネット系', '東京都〒101-0054 東京都千代田区神田錦町1-6 住友商事錦町ビル 9F', '25億3,408万円（資本準備金含む）', '鈴木 悟史', '101～200人', 'https://studist.jp/', '2010年3月', ['Teachme Biz']]"
"['Cacoo', '株式会社ヌーラボ', 'IT/通信/インターネット系', '福岡県福岡市中央区大名１丁目８番６号', '', '', '101～200人', '', '2004年', ['Backlog', 'Typetalk']]"
"['inVision', '', '', '', '', '', '', '', '', '']"
"['Optimizely', '', '', '', '', '', '', '', '', '']"
"['Bitbucket', '', '', '', '', '', '', '', '', '']"
"['Evernote', '', '', '', '', '', '', '', '', '']"
"['Gyazo for Work', '', '', '', '', '', '', '', '', '']"
"['STORESターミナル', '', '', '', '', '', '', '', '', '']"
"['PayPal', '', '', '', '', '', '', '', '', '']"
"['SideCI', '株式会社アクトキャット', 'IT/通信/インターネット系', '東京都渋谷区渋谷3-26-16 第五叶ビル 5F co-ba shibuya', '1,739万円', '角 幸一郎', '2～10人', 'https://www.sideci.com', '2012年5月', []]"
"['cyzen', 'レッドフォックス株式会社', 'IT/通信/インターネット系', '東京都東京都千代田区丸の内三丁目2番3号 丸の内二重橋ビル21階', '3億6,041万円', '別所 宏恭', '11～30人', 'https://www.redfox.co.jp/', '1989年5月', []]"
"['jmatch.', '（株）ライトアップ', 'IT/通信/インターネット系', '東京都渋谷区渋谷2-15-1\u3000渋谷クロスタワー32F', '9,970万円', '白石\u3000崇', '51～100人', 'http://www.writeup.co.jp', '2002年4月', []]"
"['merisis', '', '', '', '', '', '', '', '', '']"
"['SKit FLEXi', '', '', '', '', '', '', '', '', '']"
"['DR-Info', '', '', '', '', '', '', '', '', '']"
"['HyperCloud', '', '', '', '', '', '', '', '', '']"
"['VMware Horizon DaaS', '', '', '', '', '', '', '', '', '']"
"['Clono BizBoard', '株式会社日本データコントロール', 'IT/通信/インターネット系', '東京都港区高輪3丁目25番23号\u3000(京急第2ビル 2階)', '1億円', '土屋 進', '101～200人', 'http://www.ndc-net.co.jp', '1975年4月', []]"
"['OneSource', 'ワンソース・ジャパン株式会社', 'コンサルティング・専門サービス', '東京都千代田区内神田1-2-2 小川ビル4階', '', '淵上\u3000暁', '501～1000人', 'http://www.onesource.co.jp', '2011年1月', []]"
"['ごちクル', 'スターフェスティバル株式会社', 'IT/通信/インターネット系', '東京都渋谷区恵比寿4-20-3 恵比寿ガーデンプレイスタワー 15階', '21億6千9百万円（資本準備金を含む）', '岸田祐介', '101～200人', 'https://stafes.co.jp/', '2009年7月', ['シャショクル']]"
"['シャショクル', 'スターフェスティバル株式会社', 'IT/通信/インターネット系', '東京都渋谷区恵比寿4-20-3 恵比寿ガーデンプレイスタワー 15階', '21億6千9百万円（資本準備金を含む）', '岸田祐介', '101～200人', 'https://stafes.co.jp/', '2009年7月', ['ごちクル']]"
"['SyncSearch', '株式会社SyncThought', 'IT/通信/インターネット系', '東京都渋谷区恵比寿南2-8-9-4F', '9000万円', '海野\u3000修自', '31～50人', 'http://www.syncthought.com', '2004年7月', ['SyncAnswer']]"
"['SyncAnswer', '株式会社SyncThought', 'IT/通信/インターネット系', '東京都渋谷区恵比寿南2-8-9-4F', '9000万円', '海野\u3000修自', '31～50人', 'http://www.syncthought.com', '2004年7月', ['SyncSearch']]"
"['WPS Office', 'キングソフト株式会社', 'IT/通信/インターネット系', '東京都港区赤坂四丁目15番1号\u3000赤坂ガーデンシティ4階', '6億1920万円（資本準備金含む）', '馮達', '51～100人', 'https://www.kingsoft.jp', '2005年3月', ['キングソフトインターネットセキュリティ']]"
"['KAMIMAGE', 'うるるBPO', 'IT/通信/インターネット系', '東京都中央区晴海3丁目12-1 KDX晴海ビル9F', '6000万円', '桶山雄平', '101～200人', '', '2014年10月', []]"
"['PolarisGate', '双日システムズ株式会社', 'IT/通信/インターネット系', '東京都千代田区二番町3-5\u3000麹町三葉ビル', '1億1,159万円', '南部 匠', '101～200人', '', '1985年5月', []]"
"['xoBlos', '', '', '', '', '', '', '', '', '']"
"['レストランボード', '', '', '', '', '', '', '', '', '']"
"['ラクスル', 'ラクスル株式会社', 'IT/通信/インターネット系', '東京都品川区上大崎２－２４－９\u3000アイケイビル１Ｆ', '', '', '501～1000人', '', '', ['ノバセルアナリティクス']]"
"['FENCE-Works', '富士通株式会社 BSCユニット', 'IT/通信/インターネット系', '東京都港区台場2-3-1トレードピアお台場', '3246.25億円', '時田 隆仁', '1000人以上', 'https://www.fujitsu.com/jp/group/bsc/index.html', '1935年6月', ['FENCE-Mail For Gateway', 'FENCE-Pro', 'FENCE-Mobile RemoteManager', 'FENCEメール誤送信対策サービス']]"
"['ECCオンラインレッスン', '株式会社ＥＣＣ', 'コンサルティング・専門サービス', '大阪府大阪市北区東天満1-10-20', '4,500万円', '山口\u3000勝美', '1000人以上', '', '1975年1月', []]"
"['GoQChat', '株式会社GoQSystem', 'IT/通信/インターネット系', '東京都中央区京橋1丁目6-12-5F', '950万円', '藤本卓治', '11～30人', '', '2009年2月', ['GoQSystem', 'GoQSmile', 'GoQ採用管理', 'GoQMieruca', 'GoQme', 'GoQMovie', 'GoQShortener', 'GoQShortenerBusiness']]"
"['BOXIL Ads', 'スマートキャンプ株式会社', 'IT/通信/インターネット系', '東京都港区三田3-13-16 三田43MTビル13階', '100,000,000円', '古橋 智史', '101～200人', 'https://smartcamp.co.jp/', '2014年6月', ['BOXIL', 'BALES', 'Zoom', 'BALES CLOUD', 'インサイドセールス業界レポート2019 by スマートキャンプ', 'BOXIL BIZ DEEP', 'バックオフィス「ペーパーレス化」完全ガイド by BOXIL SaaS', 'Lead Brizzy', 'SaaS業界レポート2020', 'インサイドセールス業界レポート2020 by スマートキャンプ', 'Google Workspace', 'ERPポジショニングマップ by BOXIL SaaS', 'BALES CLOUD', 'SaaS業界レポート2021速報版']]"
"['ProgOffice Enterprise', '株式会社ＮＴＴドコモ', 'IT/通信/インターネット系', '東京都千代田区永田町２丁目１１番１号', '9,496億7,950万円（2017年3月31日現在）', '吉澤 和弘', '1000人以上', '', '1992年7月', ['オフィスリンク', 'オフィスリンク＋', 'WowTalk for ビジネスプラス', 'KING OF TIME for ビジネスプラス', 'モバイル空間統計']]"
"['オフィスリンク＋', '株式会社ＮＴＴドコモ', 'IT/通信/インターネット系', '東京都千代田区永田町２丁目１１番１号', '9,496億7,950万円（2017年3月31日現在）', '吉澤 和弘', '1000人以上', '', '1992年7月', ['ProgOffice Enterprise', 'オフィスリンク', 'WowTalk for ビジネスプラス', 'KING OF TIME for ビジネスプラス', 'モバイル空間統計']]"
"['モバイル空間統計', '株式会社ＮＴＴドコモ', 'IT/通信/インターネット系', '東京都千代田区永田町２丁目１１番１号', '9,496億7,950万円（2017年3月31日現在）', '吉澤 和弘', '1000人以上', '', '1992年7月', ['ProgOffice Enterprise', 'オフィスリンク', 'オフィスリンク＋', 'WowTalk for ビジネスプラス', 'KING OF TIME for ビジネスプラス']]"
"['アカリクイベント', '株式会社アカリク', 'コンサルティング・専門サービス', '東京都渋谷区渋谷2-1-5 青山第一田中ビル2F', '1億1500万円', '代表取締役\u3000山田 諒', '51～100人', 'https://biz.acaric.jp/', '2010年5月', ['アカリク']]"
"['Lead Brizzy', 'スマートキャンプ株式会社', 'IT/通信/インターネット系', '東京都港区三田3-13-16 三田43MTビル13階', '100,000,000円', '古橋 智史', '101～200人', 'https://smartcamp.co.jp/', '2014年6月', ['BOXIL', 'BALES', 'Zoom', 'BOXIL Ads', 'BALES CLOUD', 'インサイドセールス業界レポート2019 by スマートキャンプ', 'BOXIL BIZ DEEP', 'バックオフィス「ペーパーレス化」完全ガイド by BOXIL SaaS', 'SaaS業界レポート2020', 'インサイドセールス業界レポート2020 by スマートキャンプ', 'Google Workspace', 'ERPポジショニングマップ by BOXIL SaaS', 'BALES CLOUD', 'SaaS業界レポート2021速報版']]"
